B=4,B=8,B=16
306,380,381
408,347,433
235,285,292
404,276,554
484,248,321
418,532,414
436,305,522
655,437,357
260,236,610
481,610,500
375,311,318
599,286,327
534,399,664
417,339,343
375,232,436
617,321,594
199,865,372
478,478,431
632,616,806
461,448,430
689,389,386
589,468,286
417,264,543
420,385,491
393,204,393
377,408,396
344,546,769
564,469,357
764,539,317
312,598,418
323,426,459
726,313,346
505,349,401
512,448,528
500,360,921
463,478,223
339,514,365
373,464,280
594,408,956
492,882,584
282,405,350
341,329,330
246,449,625
570,406,618
420,301,570
432,563,236
306,494,382
439,453,374
279,223,361
410,407,658
295,255,801
305,605,942
380,564,244
421,412,578
372,561,322
336,306,255
447,325,544
448,415,622
313,536,332
490,685,401
396,381,549
501,350,410
338,477,431
366,267,317
387,837,346
345,382,472
480,264,348
354,608,464
519,480,384
279,322,487
445,350,393
815,365,271
385,472,349
315,540,444
346,304,654
996,276,271
495,239,592
496,602,249
309,815,736
548,265,399
310,329,723
203,336,409
251,412,373
598,1072,830
276,371,329
364,384,249
752,180,526
458,400,377
667,426,246
279,491,553
403,334,526
441,253,706
415,262,609
401,462,885
364,398,583
459,326,310
846,697,342
1160,361,390
505,510,721
423,227,272
456,467,683
474,325,755
872,450,699
393,253,364
387,510,334
279,322,346
450,240,426
366,466,466
384,321,388
438,599,608
777,343,337
310,392,673
279,427,439
506,310,461
390,600,767
379,342,482
297,380,516
387,318,562
682,547,293
246,314,413
311,692,625
703,528,315
243,383,377
363,307,384
304,350,785
349,389,478
476,354,729
603,431,244
337,378,813
307,231,326
376,554,241
284,640,344
452,730,447
442,393,559
443,628,498
414,416,346
295,331,488
348,275,358
552,519,460
427,351,361
408,390,253
259,268,304
317,328,434
379,302,374
369,302,648
835,390,316
588,246,453
370,839,361
548,410,392
521,528,653
311,573,620
327,657,358
326,651,418
600,255,1051
695,480,800
561,400,793
355,290,785
410,344,384
389,544,549
436,557,267
401,588,347
974,289,542
493,351,314
526,442,475
318,538,295
445,550,226
772,361,566
515,713,611
355,359,443
279,392,797
649,333,417
384,775,486
371,392,267
337,499,500
493,385,422
432,285,391
378,282,309
443,391,346
726,294,233
446,373,659
371,340,521
445,460,398
364,357,362
325,276,414
754,669,425
787,678,485
580,307,369
427,427,663
503,474,301
381,333,624
411,310,404
745,361,240
413,169,544
365,563,548
541,427,321
708,512,402
388,341,320
295,651,495
354,378,282
477,504,294
546,875,380
477,282,550
480,558,313
278,227,566
515,378,456
640,320,940
270,347,252
268,323,302
445,260,368
323,436,327
391,489,577
630,441,369
311,592,251
515,262,342
459,354,378
246,386,505
366,473,703
573,453,387
916,306,757
374,685,581
245,317,303
527,471,301
495,371,1425
359,378,635
331,322,383
471,386,464
421,517,431
477,484,417
310,352,417
381,632,547
259,411,338
231,461,353
277,608,213
270,380,430
416,669,390
764,459,638
443,400,328
413,417,325
342,334,568
479,410,694
433,488,302
242,306,716
387,254,456
580,496,725
243,460,332
397,503,343
302,1099,408
360,494,437
320,436,565
253,356,537
388,281,454
457,312,469
495,382,407
504,339,603
352,346,641
427,446,516
622,529,544
946,281,223
421,691,355
256,263,377
364,279,381
873,855,454
392,490,1082
603,191,328
535,435,519
456,284,312
547,688,598
361,699,359
663,479,304
460,615,328
466,334,331
314,313,418
461,489,384
611,394,565
733,430,778
578,292,527
512,696,1042
417,313,533
386,484,367
282,551,545
399,294,283
586,228,585
853,387,419
428,576,687
418,578,315
352,283,592
409,369,326
400,483,909
970,273,294
299,613,308
514,336,307
368,623,429
263,370,311
322,586,377
393,316,697
495,433,340
578,250,412
323,341,511
611,502,416
520,616,631
610,624,521
376,355,513
455,348,493
285,366,519
330,213,379
479,393,595
350,629,441
514,550,326
205,408,271
536,278,456
831,412,300
366,254,430
403,223,397
555,432,283
445,623,541
357,610,416
387,360,427
433,414,636
312,385,358
496,421,508
824,338,438
533,372,541
607,442,431
574,381,385
259,606,298
694,571,323
327,476,450
550,297,347
416,388,647
310,561,322
826,217,604
329,622,281
472,356,546
317,331,366
560,632,336
703,252,500
355,270,635
344,607,290
692,500,627
256,311,556
413,629,425
425,336,364
341,347,407
346,373,511
357,373,370
412,407,619
446,577,484
275,468,578
325,527,718
617,414,350
354,528,563
537,498,399
540,377,366
380,361,535
362,631,607
356,357,401
443,310,582
442,402,365
310,1116,495
281,412,424
277,462,529
440,613,235
310,878,276
831,403,736
248,675,413
375,450,367
752,488,408
335,330,416
592,444,416
280,895,490
358,455,547
445,627,498
352,461,428
423,596,841
423,393,467
423,266,432
289,413,466
251,450,585
418,700,370
413,287,678
510,504,430
599,360,332
330,316,415
509,243,292
642,514,471
583,312,718
392,282,421
374,389,477
794,532,301
457,298,594
349,492,398
324,383,327
493,528,416
1009,269,417
1059,503,609
473,425,550
281,239,345
368,258,481
418,570,340
245,512,387
344,318,490
226,382,389
288,277,643
415,268,391
492,449,312
336,473,418
671,513,360
405,473,370
641,466,283
402,485,197
263,305,330
401,352,560
290,333,343
320,905,432
380,717,461
288,544,436
318,463,417
275,479,387
306,340,498
391,436,340
575,275,364
462,399,418
799,354,498
418,826,366
400,448,490
540,342,422
433,332,342
487,385,322
435,592,329
290,493,407
386,406,302
343,303,310
254,420,447
416,284,375
673,355,896
298,606,370
373,372,338
589,462,418
348,470,373
392,501,353
344,687,579
338,254,889
575,414,345
305,415,548
759,714,238
261,703,299
490,344,419
202,380,376
488,310,336
392,291,556
323,807,477
373,241,344
284,446,298
381,383,364
348,708,332
357,315,255
328,363,916
275,293,209
362,498,331
265,423,477
536,472,482
428,327,410
270,431,490
368,336,294
375,724,368
351,383,367
307,472,450
454,426,443
581,613,336
423,645,395
283,302,549
781,645,489
262,692,393
419,619,997
252,525,453
218,490,508
409,431,626
375,310,446
309,257,885
281,492,364
459,637,337
259,742,518
312,397,794
313,438,301
359,578,421
476,444,456
260,296,461
547,836,366
362,299,364
590,426,363
529,236,323
354,538,537
436,362,370
503,572,601
442,518,474
540,425,395
435,465,485
548,256,495
382,532,449
933,421,544
317,487,457
291,750,366
245,310,947
475,611,923
396,228,458
406,1076,388
427,433,261
454,322,388
751,572,489
882,389,737
470,457,330
261,464,525
300,598,382
561,388,443
413,352,762
332,497,359
374,640,1190
342,531,477
610,444,287
320,548,529
355,399,450
286,300,413
597,226,515
603,317,508
369,592,297
366,330,520
384,288,461
402,448,264
472,312,392
420,369,387
627,948,393
619,849,487
438,556,407
299,388,304
334,450,368
353,251,398
634,484,624
633,581,447
398,591,367
306,504,311
363,247,507
328,248,397
487,388,230
442,438,328
534,371,503
364,547,377
845,263,335
211,453,276
1123,253,601
718,390,550
476,609,374
408,740,507
388,488,347
451,243,414
334,351,354
350,318,404
668,511,460
312,262,793
368,584,401
639,739,385
402,380,395
290,379,782
358,443,606
565,441,352
418,362,560
421,336,247
428,217,597
357,413,470
472,317,411
390,366,676
509,440,439
446,942,399
374,331,239
339,424,521
579,445,335
320,434,456
482,415,538
653,685,411
359,593,316
411,278,469
419,825,352
536,314,658
472,437,341
347,341,490
386,336,283
283,525,313
277,575,339
393,342,695
446,371,368
295,506,511
419,417,428
324,449,476
327,462,403
472,256,516
294,557,361
474,853,559
504,414,452
487,458,498
606,566,508
611,544,306
601,451,316
610,406,262
312,300,400
1455,433,581
587,252,460
379,342,283
421,326,671
472,431,455
512,808,456
439,367,281
291,323,305
310,315,252
336,288,1076
301,395,655
532,465,720
440,549,308
591,526,454
490,561,471
846,470,515
330,644,457
298,384,624
397,630,462
325,304,426
567,302,440
209,276,378
385,469,384
293,361,782
325,615,370
589,377,435
380,681,371
350,755,463
852,420,530
364,351,331
247,314,356
478,613,462
370,221,542
501,703,396
560,391,446
341,412,336
364,396,408
786,605,382
313,213,468
452,364,555
713,327,1179
449,384,875
676,457,354
537,265,234
503,489,405
664,265,682
336,308,355
753,419,624
673,193,640
342,351,583
291,338,354
304,550,302
760,367,357
673,418,370
510,577,348
432,297,959
233,289,336
550,236,557
286,332,364
278,347,458
325,302,598
428,294,581
216,422,377
550,363,508
486,460,377
217,381,230
349,1114,402
270,292,449
311,382,471
444,464,251
447,358,445
617,463,635
297,514,545
344,431,300
399,407,613
412,493,596
583,306,213
301,841,416
241,255,240
698,258,733
398,270,308
501,526,503
326,420,446
408,427,468
387,462,498
328,525,438
203,351,410
416,292,771
445,372,361
277,442,372
439,607,281
356,405,780
389,466,460
392,787,427
365,500,404
288,430,593
250,394,259
481,425,446
276,237,388
511,468,321
468,470,515
342,290,683
230,301,462
241,322,283
346,393,465
321,328,292
339,369,327
305,257,362
413,550,343
682,553,456
312,340,730
429,287,667
506,253,269
354,479,317
555,574,656
332,302,428
413,431,257
446,291,442
219,793,748
563,447,513
330,752,400
445,1007,227
495,678,427
329,400,364
663,266,326
299,321,459
376,617,526
447,452,604
420,505,543
440,262,417
408,310,246
447,441,277
479,317,543
550,489,372
392,908,468
312,378,348
315,1020,723
348,329,474
409,239,282
328,239,492
444,302,271
482,599,342
679,335,454
398,483,404
343,972,399
430,402,468
796,374,307
362,356,382
323,364,524
560,293,815
359,438,589
429,586,558
657,593,361
301,437,583
291,461,277
312,229,272
575,797,413
404,728,857
248,387,686
609,487,418
387,454,279
525,320,328
376,367,532
378,669,448
264,510,405
400,462,369
407,314,365
336,362,470
410,703,254
354,462,567
363,379,516
579,467,403
411,312,412
365,355,499
564,493,361
457,549,497
355,574,255
291,204,474
814,331,521
270,505,697
326,328,363
275,880,495
459,299,356
431,290,708
412,262,522
510,602,463
482,437,357
178,407,435
943,406,433
471,428,412
438,555,486
262,358,385
629,269,372
287,304,549
429,301,412
402,376,432
424,410,487
537,508,420
614,340,376
381,370,401
300,407,450
304,495,232
646,393,502
364,398,622
500,418,430
307,328,417
782,862,562
1022,383,295
507,475,487
320,593,381
668,434,338
516,589,474
244,392,718
854,371,474
361,249,302
464,393,388
390,536,692
328,278,302
308,381,560
548,309,329
386,296,347
401,642,392
340,495,399
328,744,452
532,175,448
316,410,315
771,365,344
440,380,367
319,409,437
422,313,639
290,308,352
361,340,464
677,541,406
554,234,1011
554,587,892
437,412,426
469,444,417
250,325,396
590,298,483
348,518,747
297,331,347
294,434,324
656,931,1027
774,452,381
539,278,387
288,242,501
292,357,462
509,327,334
312,195,398
232,400,440
472,334,456
321,593,655
324,602,350
334,358,377
705,333,281
506,246,478
315,562,594
361,294,317
342,363,349
366,372,470
420,559,287
247,398,268
661,612,637
370,299,393
298,485,543
362,263,645
506,369,355
377,407,398
661,388,291
631,412,262
298,314,345
517,467,631
412,216,680
335,369,577
212,449,358
230,239,272
644,1135,550
201,619,252
401,507,432
317,485,613
298,962,348
192,313,274
453,807,296
313,510,294
223,242,305
515,271,525
286,316,670
819,285,397
227,472,192
325,395,689
256,437,521
671,916,585
1031,794,408
407,425,771
498,322,711
336,554,1280
484,422,225
451,613,573
447,421,562
297,578,457
454,318,290
318,448,345
506,431,301
291,304,252
311,274,348
444,220,532
853,406,494
395,465,290
684,226,285
371,408,338
324,285,366
540,321,361
728,420,845
247,365,242
306,1007,415
659,548,379
551,373,554
436,348,805
391,614,404
356,378,316
355,282,405
492,417,519
659,418,311
498,786,289
313,379,564
500,349,561
349,462,482
306,370,380
429,388,431
982,632,489
1116,390,303
733,279,393
1094,401,425
301,378,470
324,471,281
457,1010,345
363,399,300
338,305,561
315,580,332
360,385,348
437,574,224
600,516,471
233,395,316
386,520,432
263,400,301
359,606,593
550,654,430
362,611,1013
410,440,311
480,593,914
564,372,338
575,333,589
760,302,585
333,703,369
287,269,316
543,329,254
441,324,783
471,457,509
567,522,272
341,524,365
273,234,466
308,258,325
905,445,381
304,478,333
383,439,763
521,627,322
358,287,518
513,340,568
431,416,589
324,367,301
404,418,308
665,634,318
466,448,342
326,615,239
433,470,363
495,332,343
284,432,334
745,480,411
458,568,354
350,523,294
333,445,345
416,748,554
526,418,519
521,269,306
432,338,319
315,886,283
328,756,428
728,420,335
300,238,490
389,356,574
1202,452,823
541,373,279
299,260,436
1209,304,324
460,336,567
401,360,550
415,519,445
625,436,331
270,319,252
458,437,445
480,491,415
288,709,345
483,437,659
363,296,768
458,545,568
422,368,512
302,224,604
320,320,535
320,632,502
400,519,294
525,425,271
227,659,323
625,453,449
270,456,355
422,463,415
687,446,345
498,423,711
582,401,518
284,282,278
534,508,307
373,295,397
566,350,513
315,461,374
523,909,368
548,484,440
393,402,549
359,423,454
343,277,397
626,474,309
367,538,487
471,292,689
276,495,403
554,349,278
300,537,528
391,300,316
471,529,479
362,707,665
297,456,622
461,396,572
409,379,558
340,483,252
335,422,440
272,288,361
389,315,525
438,437,371
407,255,336
246,454,761
517,577,416
540,320,410
536,560,296
548,342,379
319,432,776
479,474,335
409,399,446
384,267,523
407,672,622
495,343,360
229,434,347
494,467,421
525,308,486
435,1019,497
993,332,538
543,1247,327
331,298,568
576,489,304
505,357,302
634,334,516
740,451,442
591,642,540
309,379,314
344,850,557
590,335,348
338,459,440
641,342,223
335,429,669
376,279,246
275,822,462
290,403,283
480,576,269
611,593,381
378,430,344
283,501,582
233,480,269
345,215,482
261,509,556
402,378,399
440,310,340
399,335,581
289,486,411
690,419,191
733,558,336
719,345,358
313,196,265
249,519,432
459,372,405
342,288,893
684,366,353
420,336,271
299,301,493
528,523,649
384,302,284
271,966,430
395,388,336
402,548,397
280,290,528
306,1153,663
352,777,662
219,629,284
294,356,507
373,394,366
657,375,365
503,592,359
595,350,259
308,427,318
306,370,398
578,581,384
380,729,551
536,456,314
338,348,521
664,432,464
430,561,409
716,362,627
424,339,335
483,1373,525
824,481,466
331,388,519
387,538,425
287,335,413
367,637,596
357,315,381
486,298,452
293,447,499
498,590,482
656,359,497
267,448,263
705,238,288
382,388,300
343,157,292
336,554,451
646,490,1003
736,433,347
269,483,628
453,454,423
937,565,413
637,509,334
228,337,508
373,1067,388
643,458,213
448,504,683
399,387,349
518,308,508
943,229,336
413,274,618
488,466,455
553,373,999
554,666,484
443,454,570
393,277,291
300,467,557
559,662,574
290,385,393
575,303,403
312,467,492
553,319,433
301,572,393
398,411,241
665,816,395
547,263,612
347,742,390
428,616,328
355,246,433
478,248,273
444,666,377
524,334,725
370,482,757
622,332,196
452,688,390
745,319,487
343,441,294
331,636,622
631,623,652
802,436,379
411,317,392
469,902,592
702,292,375
843,753,817
299,412,609
445,317,667
311,501,441
631,259,276
369,452,242
441,575,606
395,555,386
371,508,555
880,750,484
384,497,273
396,249,427
249,427,342
542,241,801
353,765,494
852,461,498
567,364,348
469,294,724
543,605,276
319,279,415
272,505,302
308,253,384
302,259,391
326,366,456
351,634,333
415,376,368
335,459,349
376,557,568
298,546,513
639,600,674
327,246,364
433,395,556
602,308,446
388,332,291
445,388,612
584,395,505
394,373,682
201,252,626
548,599,484
312,755,274
526,547,579
287,650,408
1117,388,431
298,431,629
611,355,229
377,321,459
805,546,550
371,416,328
496,501,351
278,990,416
333,395,481
284,300,438
360,440,504
532,363,476
434,351,444
284,397,352
415,363,611
391,429,444
268,290,336
309,321,571
311,381,783
300,346,263
387,554,701
402,363,414
419,342,285
395,502,775
228,323,382
466,318,327
323,309,334
431,477,366
434,368,287
455,517,391
408,549,341
325,664,582
574,615,338
503,475,520
377,226,391
499,424,271
587,304,341
297,770,355
323,734,395
295,473,422
424,416,587
332,567,310
523,319,870
297,333,670
459,508,356
465,641,325
352,584,412
619,303,513
448,297,866
527,455,796
450,256,316
262,622,418
405,376,367
516,576,394
490,530,240
264,607,370
595,473,458
324,397,524
576,360,403
652,387,800
241,321,229
286,407,205
467,433,374
485,586,478
578,575,669
431,499,410
256,727,397
504,284,404
377,448,327
721,596,689
288,287,386
601,1207,623
714,342,325
452,279,268
486,688,345
626,532,866
384,218,290
465,287,407
319,383,376
309,525,598
367,717,626
467,371,324
571,265,395
367,313,491
623,517,720
871,536,370
421,374,384
314,391,556
772,457,419
358,655,804
503,376,632
334,352,709
591,420,613
320,561,587
585,550,528
287,851,520
371,480,461
427,359,252
314,408,268
452,285,633
337,717,533
610,357,314
464,289,389
234,462,502
470,362,500
321,546,373
555,413,260
317,356,325
710,362,507
370,439,253
849,221,260
398,575,459
276,322,267
413,574,560
787,289,691
223,698,555
600,224,525
352,552,497
388,473,342
278,459,432
509,304,565
534,500,517
373,467,595
487,557,349
429,577,328
784,408,596
455,504,365
350,310,405
261,336,355
581,496,228
658,446,632
284,318,544
687,581,380
337,674,350
370,314,377
335,396,371
362,1033,314
219,984,639
651,340,455
282,718,431
462,335,527
558,374,449
390,419,344
263,259,323
358,517,734
347,646,236
476,314,284
521,481,454
769,348,489
519,412,281
375,413,425
318,227,350
522,218,476
460,437,383
626,294,777
519,547,490
413,348,735
536,491,390
272,324,204
380,353,394
291,606,375
370,607,344
250,241,483
367,445,389
347,391,339
440,761,312
331,249,428
421,269,447
418,363,347
264,335,507
369,290,384
402,461,374
313,337,511
449,446,382
395,569,507
457,606,505
493,390,455
350,568,611
653,430,400
377,426,603
375,403,504
403,332,710
288,458,406
446,270,616
435,533,453
470,332,474
475,495,479
351,666,904
484,595,523
316,414,714
689,380,524
346,399,480
524,322,520
477,354,354
389,610,294
422,671,737
381,266,414
258,406,270
376,955,272
371,243,322
337,411,553
250,519,510
258,268,469
491,625,351
351,367,744
395,466,549
357,701,341
339,340,409
303,614,807
332,328,462
518,274,308
240,456,646
601,599,299
613,801,1205
267,455,624
404,394,380
389,317,636
269,425,393
377,517,531
592,368,515
563,447,586
336,321,577
257,404,320
306,410,445
341,292,702
680,278,368
843,443,703
323,345,636
314,269,621
308,355,545
400,356,634
221,481,558
428,323,473
524,784,330
432,505,580
626,573,338
217,256,504
1030,274,709
382,404,482
380,382,394
430,378,600
214,1332,546
345,463,392
318,456,361
249,221,474
469,746,331
413,406,419
321,382,621
480,484,254
500,370,748
565,354,276
297,502,296
488,486,353
509,253,511
417,294,964
425,464,322
276,581,561
364,422,469
481,292,444
319,340,445
456,270,472
981,412,427
267,593,637
370,442,348
281,359,441
492,325,688
479,474,512
603,286,383
481,410,342
379,361,379
711,521,294
290,520,268
520,304,448
588,269,412
480,634,472
305,354,379
331,286,317
272,481,391
249,696,253
285,369,537
389,525,301
567,355,703
578,350,477
333,736,410
544,295,378
532,384,434
444,614,497
458,387,442
620,521,907
263,355,505
740,372,463
326,405,451
487,619,345
461,466,422
554,733,564
851,832,374
481,368,384
404,751,720
905,344,726
794,384,596
427,295,419
420,642,607
333,273,361
391,694,359
457,751,433
528,551,230
678,786,421
416,579,760
544,426,393
449,302,245
360,643,396
654,790,284
378,293,391
569,409,495
576,540,270
354,616,353
667,383,814
257,488,446
332,277,929
343,384,864
284,740,415
249,467,544
308,380,630
592,353,623
393,490,505
362,374,517
282,519,962
347,208,323
338,625,340
757,747,522
295,339,317
447,497,689
646,360,330
679,334,383
345,791,565
577,316,326
394,330,389
239,392,555
391,498,419
374,406,458
389,391,432
397,565,361
286,298,380
266,368,938
719,428,475
385,435,325
433,419,609
250,419,347
395,307,971
422,455,519
264,457,404
344,424,574
444,271,570
481,291,472
500,206,630
260,332,293
345,448,341
456,552,265
191,253,282
562,624,398
254,331,297
350,561,769
656,298,505
565,324,389
352,778,323
298,367,329
661,860,318
300,350,328
361,299,367
392,494,367
271,374,354
205,409,463
329,481,415
321,518,600
272,473,395
387,443,398
384,585,416
275,247,362
463,361,639
490,545,398
375,431,317
427,312,289
258,648,436
431,295,337
531,310,588
260,265,499
347,263,262
295,314,441
749,327,360
463,454,599
224,829,392
515,584,513
260,514,527
332,431,493
262,331,306
302,491,382
339,277,399
335,466,540
536,397,367
470,465,481
361,234,687
441,293,697
371,629,297
323,314,771
323,314,489
275,431,637
276,249,412
539,564,314
552,899,259
368,483,358
426,281,467
272,269,362
320,382,419
696,567,596
319,323,500
315,316,531
664,440,298
430,358,274
263,893,316
711,304,257
364,760,547
253,689,524
266,472,533
459,334,368
364,651,838
526,296,445
288,670,313
278,495,365
390,665,528
436,275,409
404,359,1070
322,249,424
349,475,433
385,270,597
266,487,503
404,456,331
530,468,402
538,478,861
491,796,394
614,344,470
579,769,289
664,287,709
672,407,267
314,492,459
320,232,411
478,399,658
343,450,584
248,343,640
537,725,576
247,488,513
489,428,349
272,408,344
347,894,345
528,424,346
534,734,689
581,270,356
650,228,328
592,786,345
410,352,288
324,373,339
1245,412,368
542,301,797
504,410,336
363,365,652
375,273,298
481,192,678
524,216,348
324,588,463
534,695,462
445,399,342
410,395,277
363,369,412
357,663,607
419,844,275
524,348,305
652,358,843
278,719,468
298,378,475
314,233,335
380,201,429
868,321,377
616,263,337
290,380,382
259,315,485
440,399,571
608,367,341
492,483,555
544,312,458
286,474,547
435,629,311
910,472,496
324,459,340
462,355,422
417,208,318
408,490,494
341,565,404
321,426,686
469,433,335
355,484,527
477,662,365
242,740,360
353,844,373
335,514,551
496,317,350
392,368,464
571,646,287
555,544,428
184,393,352
375,275,492
369,322,263
408,217,507
521,614,448
1390,710,870
337,782,405
434,583,623
594,204,517
336,502,765
273,402,575
430,342,588
339,404,540
295,405,665
469,559,371
1015,423,270
655,481,488
416,304,417
480,307,512
480,796,639
464,476,355
362,451,434
345,333,308
1504,555,304
548,643,406
254,399,346
289,220,632
345,658,264
804,421,719
241,531,350
483,272,430
459,520,433
299,419,411
323,991,453
514,429,471
354,308,444
437,728,252
513,256,461
440,709,430
807,576,231
184,397,597
337,546,534
445,354,361
476,320,377
870,499,267
229,389,621
292,497,654
460,329,513
455,221,313
395,552,749
1049,608,691
512,228,367
414,395,360
690,255,535
441,422,1004
624,1065,333
259,1127,377
439,273,318
305,323,428
393,325,443
275,259,496
529,464,306
589,694,394
547,464,422
314,409,382
255,333,500
317,469,328
485,213,390
450,280,397
465,347,513
641,272,699
487,512,424
409,341,815
419,649,516
289,483,358
398,322,569
323,574,607
506,273,338
481,369,332
528,567,503
250,561,397
597,410,607
330,257,540
382,528,221
322,368,605
299,722,241
452,479,677
559,362,401
425,689,254
622,278,245
1099,530,397
304,287,761
257,784,380
480,577,800
560,435,281
792,489,332
201,701,248
695,271,492
648,397,239
508,274,384
294,419,341
708,449,292
612,755,399
478,356,538
275,240,260
257,471,801
247,315,320
348,665,384
496,453,392
336,421,356
377,235,512
747,414,381
695,253,585
313,488,680
473,283,430
397,449,343
566,495,222
1047,296,343
1302,295,503
380,395,274
382,393,299
467,314,606
376,414,787
465,332,314
564,362,268
473,358,367
362,340,248
307,399,270
283,379,408
301,350,402
354,476,249
468,404,594
385,254,301
252,551,340
373,261,427
303,401,384
372,722,590
373,271,506
529,290,425
421,346,658
253,273,431
386,358,481
341,245,549
416,514,441
358,379,375
779,608,492
523,655,270
389,363,422
318,462,833
208,598,425
604,663,707
323,929,437
504,528,493
275,577,455
344,288,729
290,321,432
251,484,337
381,438,373
328,351,291
1046,678,515
388,366,514
698,875,221
321,754,737
1032,883,270
663,672,480
467,456,311
400,846,321
510,289,678
265,419,327
392,535,405
355,624,489
329,347,422
272,358,718
406,312,370
313,443,243
508,401,438
335,560,317
1188,386,482
471,312,272
287,766,336
403,409,385
476,253,375
584,384,775
297,550,296
1228,693,390
383,839,333
497,568,346
372,519,278
401,407,743
1126,585,505
396,322,411
679,338,699
567,326,303
216,370,345
489,369,376
294,495,531
307,685,859
363,554,419
543,570,361
378,387,235
530,359,383
432,530,406
282,245,324
527,437,352
567,326,294
425,379,435
449,355,344
615,539,372
301,692,573
517,280,504
489,385,784
463,479,448
446,304,397
707,716,634
624,390,333
240,337,371
404,236,446
438,429,540
333,438,739
477,406,455
317,346,361
432,531,315
611,422,389
322,352,608
378,439,441
518,302,512
365,361,490
628,356,500
935,352,515
391,511,407
739,471,392
340,302,440
349,634,462
343,309,613
700,334,295
448,488,386
513,390,400
532,585,419
261,834,712
418,252,365
243,260,384
349,464,320
378,771,437
319,430,265
332,379,540
699,233,423
400,304,595
263,356,341
324,361,307
262,604,554
282,306,485
634,363,739
456,430,386
357,590,302
338,350,495
316,367,343
356,245,428
401,1111,508
440,491,429
395,994,839
430,369,694
591,290,230
832,645,837
362,311,680
355,746,352
340,387,286
329,499,579
439,285,363
594,488,394
594,460,650
384,326,364
345,385,364
495,873,367
590,898,455
395,623,1057
368,493,362
292,638,264
294,300,379
327,430,275
310,321,275
546,656,500
310,599,408
525,394,436
623,502,370
251,453,308
277,292,313
1000,420,315
555,435,513
413,467,671
412,336,455
390,411,348
323,554,435
527,291,433
357,247,396
417,494,453
392,461,512
419,336,458
437,373,714
292,367,485
347,357,774
472,347,578
427,522,473
355,343,569
434,373,406
606,429,462
460,540,298
518,397,389
464,480,417
429,435,244
348,422,544
313,561,582
348,399,445
857,253,374
275,480,384
356,306,639
301,729,438
327,273,677
662,254,542
286,653,233
509,316,381
490,490,304
299,662,285
635,627,358
331,431,396
400,260,237
419,335,390
691,567,656
265,391,814
419,560,426
932,210,416
413,278,441
484,537,363
712,607,346
579,462,707
323,389,334
499,323,285
343,728,335
493,878,510
316,420,457
376,355,291
349,538,460
592,693,467
479,314,689
530,693,342
258,324,409
214,343,281
501,560,544
532,577,360
519,255,475
402,391,437
285,313,911
305,227,738
380,390,357
614,319,560
449,557,438
524,451,475
275,382,484
379,274,328
405,242,395
519,564,354
300,483,479
539,447,609
422,418,243
354,406,291
669,385,663
388,669,346
680,300,361
255,408,431
429,862,398
664,317,431
303,257,338
316,255,213
504,429,308
304,939,342
540,441,406
506,459,287
341,491,744
498,222,416
429,280,517
375,628,238
284,371,420
330,394,563
845,274,279
400,471,268
620,400,598
399,446,325
324,482,359
249,277,746
360,328,414
884,349,371
374,322,461
245,322,488
378,325,418
368,550,334
433,519,461
340,431,415
503,334,339
403,363,1017
317,469,478
331,449,899
348,376,308
277,475,461
599,386,458
486,288,353
556,705,403
643,323,621
492,385,480
279,489,409
376,447,837
450,342,207
361,480,290
412,432,544
543,703,793
443,572,408
344,321,385
513,440,640
630,491,504
240,492,573
271,383,333
397,381,313
394,541,389
306,514,204
461,368,677
487,379,366
248,426,387
424,587,321
352,703,403
411,286,525
431,270,334
295,241,494
420,203,235
730,450,422
400,341,334
429,377,568
553,263,363
468,485,402
485,376,493
717,485,377
638,490,728
266,397,507
943,347,490
316,220,304
327,474,625
326,833,450
280,273,378
617,297,460
359,1116,344
334,305,425
490,444,432
1004,516,334
492,245,740
471,278,476
366,521,614
401,287,453
286,364,332
427,315,311
646,304,357
481,329,444
739,382,447
680,227,994
388,375,308
253,228,286
330,388,438
542,520,898
284,527,525
921,340,723
714,387,299
327,505,382
631,749,448
435,415,753
434,348,411
453,325,469
385,232,326
453,289,401
391,659,387
381,563,374
321,316,858
443,376,350
651,654,455
244,529,501
551,333,279
301,247,426
319,687,799
348,678,448
342,763,665
549,336,419
637,453,524
343,352,296
296,534,349
730,344,525
678,286,427
677,274,337
415,335,332
256,701,498
613,579,397
625,403,320
455,366,326
436,503,516
430,772,548
344,621,409
288,477,326
318,444,758
395,635,438
354,316,252
359,286,1384
291,487,402
383,332,395
383,408,479
587,674,402
389,619,459
1038,267,332
334,321,792
343,311,340
647,282,632
331,425,378
209,410,452
352,249,682
702,262,347
421,537,354
667,370,418
245,663,519
473,277,649
612,667,375
321,267,726
319,561,937
573,392,451
226,489,382
973,262,317
337,286,672
982,529,320
296,421,530
289,359,510
544,417,327
256,291,492
362,552,378
561,522,578
335,720,436
341,241,499
372,473,353
298,451,453
246,341,343
310,621,551
463,313,476
641,270,267
402,279,715
519,344,240
313,281,314
537,342,444
591,656,505
239,558,394
411,454,659
233,596,480
691,589,259
415,382,476
526,361,526
345,562,342
759,716,343
524,588,276
757,491,289
394,368,248
352,476,869
465,258,641
584,290,407
322,623,475
646,293,458
408,493,604
511,417,457
681,351,968
242,416,441
408,271,436
317,458,440
521,330,454
509,259,487
618,314,413
855,629,408
312,347,358
464,541,490
816,393,558
711,240,384
677,439,790
359,310,421
683,414,535
723,350,430
374,550,376
421,601,305
659,375,249
363,606,882
721,432,418
571,467,231
409,492,335
421,764,294
299,505,599
510,659,339
265,959,655
235,350,329
328,375,262
300,507,340
447,476,1109
441,355,310
587,603,551
388,420,583
510,394,398
478,463,297
680,433,759
409,786,589
317,351,587
905,435,292
573,361,585
1078,420,349
647,412,562
370,544,442
385,642,749
495,493,301
510,406,848
424,284,595
480,333,378
493,288,485
340,386,396
304,335,347
858,613,295
482,330,392
338,425,349
433,265,317
291,300,349
497,756,246
505,378,357
557,277,683
298,430,486
620,482,465
327,352,513
444,526,337
329,642,308
534,424,347
367,496,359
298,327,515
495,310,539
307,378,265
299,410,341
478,461,654
333,462,390
431,359,271
278,409,354
622,316,636
472,398,379
511,445,608
344,508,508
633,425,345
618,236,333
837,479,379
468,677,298
447,960,294
394,413,300
350,288,308
610,488,392
334,379,521
302,424,570
295,282,550
415,821,294
347,522,346
552,264,684
436,353,309
438,398,472
675,349,427
422,327,387
410,343,492
247,354,606
733,354,377
349,286,520
923,323,578
505,301,247
479,451,402
580,354,376
362,473,342
425,349,364
439,504,432
312,360,324
606,306,250
336,733,311
614,562,225
488,391,360
509,604,314
436,319,323
305,275,266
375,277,498
575,623,412
304,247,510
334,283,268
745,332,465
445,598,398
327,698,754
378,569,310
688,266,258
382,488,392
732,409,421
338,469,521
745,649,419
469,311,494
665,685,332
636,532,348
395,436,394
564,321,532
448,699,1214
275,605,406
365,346,385
481,367,439
401,404,598
276,452,368
613,690,227
256,717,887
326,430,428
394,386,1060
428,370,266
429,603,624
380,246,238
323,449,437
501,782,476
329,828,378
282,477,486
532,411,523
372,303,300
258,767,817
582,497,644
547,303,496
333,197,283
1147,279,355
884,651,866
408,402,577
228,326,307
340,370,605
276,305,421
436,377,251
431,1266,437
539,632,323
445,402,879
655,708,676
593,292,411
329,549,263
432,378,491
517,473,395
435,364,506
528,314,560
525,399,462
305,436,1026
501,353,733
270,329,300
308,516,411
356,548,457
514,326,238
430,510,262
423,235,381
668,189,398
273,259,291
614,603,302
776,385,352
826,479,264
925,485,389
285,418,491
399,242,510
363,329,512
279,327,599
253,363,828
413,426,238
515,476,338
286,336,716
721,466,388
555,349,416
865,265,342
467,367,367
423,309,1117
1005,362,500
432,381,291
411,589,862
396,418,317
468,357,402
242,216,198
757,653,291
400,523,301
306,506,274
357,623,532
609,542,329
535,342,448
609,413,472
244,492,601
536,292,467
552,520,321
334,391,458
291,228,362
507,568,456
385,603,414
422,590,737
837,465,324
394,891,482
426,306,285
267,290,469
485,644,797
409,320,461
275,599,907
312,325,363
269,359,608
502,340,379
475,334,463
489,457,344
318,317,470
483,225,295
378,322,435
250,325,269
697,473,350
470,738,493
310,563,307
408,424,336
882,333,265
409,412,385
533,412,541
336,369,608
206,364,585
370,1303,311
500,512,452
402,239,510
347,807,466
500,407,313
199,632,307
418,336,451
362,416,629
600,731,670
375,738,701
516,653,384
898,282,407
258,234,266
377,438,500
328,299,463
526,480,270
632,350,559
264,209,344
555,324,425
532,421,182
254,386,436
432,322,350
532,566,481
353,292,528
468,347,451
390,396,374
594,355,276
602,283,467
261,356,336
309,270,368
504,444,344
372,372,652
273,475,414
479,321,336
469,416,376
435,230,438
329,341,311
444,365,522
318,442,760
444,361,302
544,561,520
602,522,229
243,339,947
502,424,270
504,393,435
299,262,352
320,345,370
521,902,446
536,345,471
323,441,447
577,532,294
453,473,331
557,241,369
520,478,711
363,279,260
338,239,455
325,1045,354
1148,416,259
332,398,398
723,822,269
571,331,230
523,291,425
387,391,320
371,364,597
605,440,571
441,297,332
639,345,344
992,299,282
457,296,463
309,568,325
461,1192,442
347,405,500
590,553,336
364,280,466
552,576,295
339,363,580
489,404,579
283,376,380
677,795,271
221,268,423
269,422,1037
464,368,909
218,581,234
555,728,427
303,614,776
309,654,378
330,284,379
448,655,663
789,264,360
217,596,351
314,446,598
893,689,361
382,453,383
246,490,320
434,358,432
680,387,293
307,440,398
786,456,635
381,431,654
504,232,308
509,430,413
270,589,275
454,505,436
790,402,1038
319,782,408
315,902,476
308,296,485
578,340,478
415,309,469
351,369,470
380,613,301
327,542,567
403,449,267
306,414,502
420,446,447
709,309,753
272,823,581
274,331,567
314,464,444
365,551,377
372,471,590
433,287,503
524,413,377
461,353,235
571,522,507
367,290,371
403,321,387
1105,452,580
268,304,525
296,431,367
493,354,608
692,1135,347
362,552,525
549,303,549
458,768,584
589,1455,383
489,246,245
530,736,294
352,458,336
506,342,792
368,837,539
990,264,485
615,261,413
658,605,246
297,423,424
332,628,563
507,414,411
337,432,736
443,573,390
284,327,762
329,356,375
399,536,784
403,413,402
332,547,343
602,428,587
356,394,417
391,276,400
354,412,396
526,423,392
202,346,223
447,283,438
288,640,847
666,287,487
534,336,262
366,773,552
324,514,513
316,516,375
374,331,355
608,533,400
333,495,516
349,349,611
470,909,487
325,308,399
383,634,428
285,378,436
523,327,310
628,557,308
707,348,471
768,393,328
301,409,365
374,623,350
559,368,277
491,334,653
306,261,405
466,367,343
345,702,477
641,491,465
206,351,449
309,512,270
418,1111,361
232,421,439
598,424,266
258,329,256
836,521,427
268,390,334
716,369,350
848,455,411
625,399,443
400,473,296
295,679,350
332,411,458
969,554,422
302,327,429
255,473,301
510,607,310
590,510,407
473,441,332
443,431,554
398,245,469
315,255,685
270,487,359
552,904,695
204,438,250
329,592,323
462,393,383
388,279,349
518,566,361
267,485,761
452,445,276
376,237,271
215,269,437
386,454,522
496,261,445
511,295,903
451,315,452
303,367,222
667,563,831
413,384,312
384,298,478
236,436,533
300,283,336
479,423,605
851,392,270
478,465,433
330,632,446
488,321,917
321,378,351
368,316,899
509,346,307
323,288,421
488,337,330
279,667,310
512,413,495
532,338,278
265,312,691
347,1019,381
354,218,525
441,385,328
441,486,311
469,611,390
614,497,330
865,263,400
287,604,376
275,508,328
343,443,321
363,397,654
548,250,272
573,473,447
327,528,379
352,443,209
707,844,593
344,584,369
297,464,327
287,443,394
367,296,376
267,469,327
248,517,262
480,397,321
313,572,511
706,539,308
1054,556,385
462,568,529
524,350,448
982,586,639
420,238,662
282,427,421
328,371,572
347,619,298
301,342,355
566,193,473
291,309,646
448,602,469
449,432,312
434,294,245
413,667,394
656,349,389
338,530,763
377,252,330
325,459,414
264,281,401
291,385,557
408,412,361
416,459,208
427,343,401
391,219,771
388,492,481
663,386,545
334,425,612
312,647,393
1266,390,592
301,470,445
616,359,411
583,251,435
982,269,513
276,279,281
301,209,442
356,278,218
412,431,397
1027,372,456
571,340,526
322,264,560
754,572,611
562,338,263
550,422,516
717,513,366
234,357,393
557,487,323
304,481,547
447,314,675
997,313,662
550,521,525
596,235,321
376,402,236
622,391,317
502,777,337
345,341,378
422,325,461
347,381,374
562,336,236
334,274,324
462,272,385
336,389,248
481,745,441
242,789,504
445,477,280
553,357,385
388,446,736
546,402,346
596,274,379
1131,387,416
642,297,400
553,310,928
312,320,353
732,340,416
591,561,281
417,611,375
526,475,319
260,378,633
322,634,431
412,259,376
300,270,379
252,444,267
674,259,260
586,803,401
398,397,670
293,309,738
296,341,412
527,545,330
501,371,417
237,451,523
383,509,417
313,449,458
338,444,483
690,555,863
718,403,919
241,281,350
447,603,425
346,783,382
505,502,502
456,468,493
395,773,289
359,242,242
363,552,390
474,528,288
531,326,325
301,393,633
431,447,384
986,669,317
741,351,499
611,464,515
374,383,663
266,226,379
394,370,276
488,614,368
300,381,297
230,543,835
345,496,433
367,358,337
290,643,499
586,299,534
598,300,472
1090,336,505
543,495,639
265,567,332
492,160,305
694,349,452
427,302,287
620,495,344
370,634,497
365,478,298
469,326,621
583,370,433
355,397,515
542,458,411
483,978,323
586,535,468
365,598,359
246,684,337
315,426,277
410,258,301
466,511,329
358,519,646
339,475,436
597,436,337
417,382,524
569,546,485
468,878,659
516,349,407
565,305,428
521,551,357
497,222,465
338,467,257
597,351,854
461,437,374
306,267,524
363,227,396
386,322,528
299,571,225
610,415,430
341,468,265
405,296,309
293,847,562
522,299,426
505,274,513
355,844,364
395,396,383
336,664,541
491,776,313
408,537,453
299,385,627
503,395,611
206,300,452
349,264,690
357,682,351
305,635,770
490,209,407
324,433,442
267,426,330
290,492,424
354,382,436
582,313,334
354,420,411
416,269,302
375,718,313
666,224,616
662,487,373
353,616,345
310,518,316
362,324,430
328,415,628
469,386,432
352,1008,416
604,535,330
278,281,350
203,894,351
427,288,1111
540,772,374
660,324,328
325,318,466
343,304,525
305,362,458
400,374,531
302,313,413
519,331,453
415,547,373
271,334,502
407,449,356
549,349,307
283,318,281
671,480,511
470,534,371
346,428,783
349,400,555
419,550,609
518,547,525
424,502,282
847,502,625
352,320,248
521,335,508
234,673,774
403,404,371
621,402,349
473,218,506
426,463,385
549,298,380
456,465,770
379,271,328
527,520,510
649,503,305
273,242,273
352,427,406
401,972,304
410,294,268
297,477,315
415,525,511
437,513,558
378,331,734
348,350,427
302,759,238
394,616,586
682,372,518
485,430,387
654,369,430
384,350,426
484,419,623
233,290,538
398,288,648
1134,342,570
549,338,406
336,508,433
211,523,455
1027,467,351
428,280,333
380,471,407
292,673,714
368,418,356
602,724,560
293,467,310
385,747,302
574,470,310
390,985,315
295,248,384
276,376,286
330,273,329
468,710,359
570,378,454
287,394,463
277,307,310
282,441,684
489,453,192
886,906,390
343,591,442
243,264,431
244,736,553
549,283,538
1089,299,326
318,534,289
239,423,622
574,338,370
683,282,445
319,334,213
334,320,440
372,499,474
430,435,273
286,348,677
385,475,354
620,373,579
378,255,363
366,423,479
331,391,488
340,487,318
440,451,447
569,441,445
404,394,647
477,1064,407
346,505,394
456,333,546
398,403,275
568,279,447
501,756,334
281,403,539
419,377,444
360,581,520
466,453,300
432,464,657
351,291,532
547,562,713
358,273,578
344,583,370
349,767,686
379,436,312
445,593,353
902,418,322
403,547,346
477,454,241
621,476,230
329,1009,334
264,663,591
426,303,358
677,464,315
700,393,381
209,393,210
340,490,302
385,619,508
412,338,440
864,280,638
289,422,539
410,318,541
435,488,349
302,614,495
273,349,504
379,811,326
501,343,551
511,340,567
290,341,353
230,253,383
333,509,259
673,275,303
421,350,260
388,394,747
480,596,367
381,336,253
257,525,331
286,562,456
388,538,719
535,198,341
340,456,303
501,938,342
399,253,391
358,391,435
679,288,692
318,601,304
349,509,238
447,272,476
390,334,448
341,497,447
661,265,302
454,716,764
690,409,559
452,312,322
542,447,292
353,506,430
223,424,306
524,403,274
465,529,683
385,790,428
288,512,355
379,249,605
341,371,676
1131,290,621
421,552,356
568,491,425
322,336,576
500,472,437
588,396,667
280,695,303
431,263,410
271,432,351
369,381,415
319,495,302
563,529,505
538,458,650
528,711,425
823,688,389
582,318,424
412,414,454
495,292,431
424,472,439
448,460,413
321,608,387
727,468,515
310,382,663
470,452,451
277,768,384
479,513,442
612,406,408
602,533,513
297,353,656
286,491,509
241,588,366
546,635,706
468,381,259
363,422,348
204,250,251
373,422,294
387,393,550
351,396,315
481,428,429
347,546,311
420,502,490
561,522,798
635,644,657
371,639,377
284,608,525
717,482,499
650,343,494
338,244,396
316,550,375
444,318,901
690,912,376
578,632,307
359,356,482
414,483,923
666,421,376
316,248,341
591,390,373
422,633,394
314,349,451
456,356,798
911,260,492
491,628,510
305,514,587
445,318,259
764,238,874
540,607,424
765,501,528
473,572,295
400,308,628
334,233,617
335,476,259
532,312,446
613,457,634
268,496,380
768,279,491
263,346,243
317,371,418
476,370,483
322,590,246
467,257,368
306,409,265
321,347,610
351,604,489
468,415,429
397,499,700
595,803,725
311,382,333
774,394,551
267,742,442
504,371,418
512,744,527
461,365,317
366,278,513
376,723,395
470,278,602
552,791,671
676,294,649
474,370,307
768,705,474
510,473,422
843,278,571
227,569,756
534,674,615
386,295,379
250,500,389
448,474,485
312,261,320
332,291,279
371,383,428
529,690,582
401,396,510
536,568,476
697,235,1135
417,399,429
446,473,449
948,412,506
376,442,332
359,510,438
711,309,265
284,289,320
363,436,307
491,644,460
592,350,216
561,328,532
334,389,463
473,276,528
1046,345,235
370,404,196
319,450,461
402,294,475
417,300,345
622,432,326
294,702,664
532,325,496
390,473,365
697,319,1049
305,316,355
572,421,401
499,341,531
494,337,237
419,341,664
336,593,357
351,362,222
423,265,379
301,445,800
386,398,380
503,349,394
585,723,410
615,585,665
274,224,250
423,617,539
317,631,388
439,368,305
240,405,613
285,432,387
327,562,535
418,406,417
424,357,634
360,299,678
694,446,395
414,300,434
393,397,331
842,354,364
276,250,266
336,483,469
456,614,592
280,351,336
407,361,510
467,227,477
270,661,324
777,281,791
555,670,272
265,197,595
331,531,432
289,257,385
515,684,483
504,822,296
333,350,750
235,377,269
370,350,388
481,713,368
339,388,481
563,816,410
430,302,411
550,515,489
401,446,521
403,664,248
1039,541,427
431,519,539
374,429,318
352,589,823
394,423,471
570,407,551
640,686,381
705,289,576
724,958,325
443,484,529
478,252,360
496,306,372
368,568,228
286,610,420
379,476,459
297,313,549
762,336,378
411,247,510
443,425,345
420,488,513
414,555,873
451,515,287
539,417,393
294,244,490
487,615,595
455,439,391
229,471,579
1118,424,628
398,592,797
473,926,517
568,401,249
392,526,391
331,437,440
431,324,468
334,544,340
373,323,423
448,228,459
366,344,567
295,422,276
502,352,535
264,363,703
524,300,304
538,322,314
365,741,441
213,495,574
383,367,513
366,362,334
321,724,358
965,350,304
339,499,474
658,462,399
409,308,553
616,290,557
383,304,912
296,598,420
344,400,712
484,468,345
420,734,629
389,565,400
647,404,362
552,476,352
629,195,426
885,402,636
494,347,485
345,362,430
530,468,456
609,242,265
406,476,361
330,310,494
319,275,419
716,484,295
319,430,550
293,757,254
387,275,333
319,256,572
806,325,263
924,994,507
371,350,413
552,402,559
332,325,291
686,280,443
622,332,494
448,397,329
326,499,345
359,418,272
467,395,620
362,325,386
483,495,441
711,424,400
282,289,292
325,676,461
311,272,688
196,750,323
336,893,379
387,248,450
422,305,450
358,528,408
422,246,532
675,556,577
583,406,421
424,301,428
406,681,508
506,341,652
375,395,772
543,342,584
345,255,415
388,333,680
310,707,395
513,340,428
385,652,374
369,561,219
567,247,542
671,517,301
383,608,290
522,238,416
705,416,566
528,375,269
307,357,340
785,264,889
405,369,349
417,393,572
666,508,889
431,386,518
301,625,355
305,559,514
521,442,363
456,416,266
457,458,451
444,370,215
300,640,341
627,279,323
492,975,681
562,527,371
427,309,267
552,325,409
519,250,477
327,597,252
574,233,342
368,365,319
193,370,348
472,372,550
384,465,242
289,548,484
644,411,433
549,254,279
1121,367,968
198,235,250
288,302,298
515,300,528
513,839,296
427,349,342
361,840,347
301,481,638
387,437,319
339,418,371
498,453,438
305,454,498
293,569,462
499,436,442
430,268,1020
444,633,346
454,978,262
451,388,424
928,600,726
277,316,349
382,342,344
286,550,444
268,644,410
464,280,385
204,335,409
403,281,402
867,333,748
349,316,311
363,569,290
230,292,563
433,201,500
207,361,342
970,474,403
510,424,365
533,555,615
397,574,683
231,340,483
422,353,540
385,368,255
423,609,429
263,346,342
372,895,363
608,334,686
572,384,619
490,506,463
350,457,310
438,625,261
315,403,314
278,236,502
272,288,542
1152,420,440
367,252,352
608,459,481
365,394,708
726,420,473
663,320,414
313,342,362
281,404,368
486,271,363
928,290,428
588,416,317
431,400,353
543,292,465
638,255,357
420,324,345
330,281,603
236,646,803
372,438,436
739,818,888
278,313,462
502,223,319
408,266,317
341,382,341
436,563,872
377,627,280
337,309,921
375,324,484
969,430,786
330,500,457
380,409,511
384,520,301
290,284,293
420,514,336
551,342,657
499,447,548
329,515,287
364,376,367
376,234,317
296,333,695
507,339,265
418,299,342
405,574,314
262,711,312
928,312,376
335,545,672
374,367,609
212,550,453
321,576,488
324,354,259
679,401,435
539,332,268
274,301,300
515,714,335
377,519,343
429,264,330
319,235,393
461,973,299
380,744,348
398,310,648
232,564,357
589,391,232
316,640,368
490,652,274
283,412,499
734,357,432
338,362,560
522,302,564
504,451,412
632,656,581
354,796,260
302,380,492
332,518,621
594,602,318
420,341,267
332,809,642
353,230,406
427,303,470
376,304,397
540,298,957
430,338,588
731,625,619
295,351,491
370,349,607
300,430,418
345,244,584
354,247,262
323,482,326
695,410,321
329,434,535
521,516,572
345,372,411
464,456,318
412,413,611
392,285,528
520,360,450
398,645,338
677,394,402
207,760,370
522,532,403
768,930,262
806,370,319
527,970,447
768,528,350
376,232,388
488,316,289
806,354,581
357,314,352
268,221,301
345,451,254
465,294,458
490,368,362
422,336,524
392,677,361
459,858,355
532,387,297
458,368,383
530,304,310
385,552,215
351,433,604
690,512,400
533,343,362
527,234,358
370,290,732
253,366,349
303,386,364
452,511,440
450,564,437
499,673,793
222,749,501
378,735,350
191,798,335
424,228,454
279,608,526
470,1138,738
314,534,409
441,565,412
405,304,475
274,444,265
448,291,325
434,344,439
411,441,301
317,823,432
847,271,327
271,363,635
364,273,463
568,460,613
631,367,365
299,1122,1113
340,361,833
607,260,622
342,371,349
622,235,360
615,405,301
289,403,597
282,236,361
415,636,391
382,442,277
241,255,377
347,320,569
501,351,602
449,279,577
458,203,571
385,328,391
316,257,341
593,429,531
286,348,411
358,422,451
353,371,518
1109,531,545
426,729,768
237,387,462
298,458,355
479,329,311
360,774,495
548,570,530
945,556,871
454,381,466
466,651,420
365,331,271
787,418,459
240,357,701
658,661,369
329,621,432
401,400,553
391,612,499
390,437,450
617,396,424
493,604,892
247,331,305
1150,293,298
450,248,331
398,320,555
680,396,325
653,461,514
423,910,390
221,581,346
392,471,433
411,558,309
253,262,372
599,360,588
241,514,610
311,318,416
436,448,558
335,433,312
311,804,409
323,468,286
465,498,522
786,352,508
437,535,532
457,253,559
513,439,524
853,549,289
384,710,273
450,603,378
423,449,448
292,560,285
295,590,369
1103,499,264
361,345,376
308,487,444
369,528,366
458,318,472
369,383,332
355,491,368
302,495,399
323,499,329
625,425,254
526,391,623
558,656,673
402,392,393
604,269,498
361,409,372
377,287,364
331,206,670
251,439,375
660,291,400
449,426,581
405,383,775
275,578,369
646,476,242
293,308,528
353,470,431
710,647,491
516,525,827
756,649,520
340,514,704
439,952,598
582,269,606
373,248,312
729,382,299
319,319,656
448,250,836
630,282,398
491,380,349
388,385,765
531,263,411
674,262,337
310,971,775
338,310,245
295,260,412
1016,457,342
432,336,480
780,379,657
299,319,320
320,312,282
453,631,1275
474,618,267
622,447,421
286,469,335
630,306,477
477,521,831
417,274,626
535,402,205
364,458,424
407,417,510
658,423,477
356,444,401
343,767,376
295,437,561
323,291,474
404,250,215
418,511,381
257,436,370
341,545,347
332,255,474
251,555,580
254,314,527
274,599,424
343,311,378
370,325,441
281,540,709
369,591,396
646,624,534
274,243,247
368,345,654
299,483,458
351,541,261
614,301,461
276,338,457
258,562,351
344,471,374
574,429,310
745,449,413
419,517,434
332,582,449
404,324,434
772,532,491
355,536,434
261,316,395
354,362,219
504,405,375
297,257,322
407,447,562
253,243,435
375,613,327
432,430,290
427,260,342
454,608,507
411,415,318
567,752,996
344,584,665
391,873,489
408,419,494
480,441,389
251,534,441
460,441,461
343,330,265
512,335,337
235,494,324
608,280,451
586,397,339
319,333,505
555,451,423
512,250,316
443,1100,365
260,591,869
346,400,316
317,403,612
417,477,326
288,383,568
354,230,348
257,474,441
334,355,774
310,552,688
771,477,355
238,663,397
540,414,407
441,444,453
783,791,416
1086,361,283
449,781,415
461,495,424
248,322,622
879,711,511
283,470,479
338,467,310
445,445,701
364,380,389
320,439,232
535,390,335
407,295,396
570,387,535
357,645,532
410,243,518
408,385,424
521,352,582
468,918,829
451,670,359
268,212,404
696,493,353
496,538,292
397,391,272
738,430,363
268,275,467
431,559,493
670,381,409
600,704,291
638,492,447
637,722,551
427,326,507
386,317,382
295,613,296
295,302,612
336,591,592
538,297,337
1015,323,712
331,336,604
553,417,273
223,349,279
244,515,248
372,507,332
406,325,641
508,386,312
253,349,307
476,562,378
290,437,285
443,287,453
527,215,328
331,722,498
564,921,378
434,516,261
496,212,664
671,336,443
414,441,345
324,532,444
328,349,784
377,307,470
340,458,561
277,306,768
302,321,396
423,572,245
458,271,897
494,477,500
775,386,352
453,348,746
415,550,290
585,462,316
377,231,313
507,534,507
527,464,479
395,859,399
340,586,381
760,268,296
353,469,325
387,327,461
272,398,364
351,334,510
548,479,641
409,283,346
319,429,472
591,357,362
250,338,544
323,555,427
568,326,462
418,293,369
607,499,289
424,614,269
678,309,502
391,664,667
397,502,480
754,426,384
273,322,314
253,495,234
354,376,383
442,378,406
442,533,442
726,484,364
279,487,352
264,248,465
416,441,406
231,470,447
379,442,898
452,428,360
447,361,318
420,508,266
279,344,411
523,317,422
534,206,546
469,273,280
794,360,446
195,412,516
288,852,845
383,481,464
411,402,559
258,453,512
424,335,400
379,1107,390
906,345,493
223,290,695
266,242,320
578,208,467
334,435,596
276,273,388
320,313,292
804,465,437
383,350,512
475,524,281
244,568,366
415,552,298
225,389,693
610,415,743
356,595,310
455,555,367
326,379,688
633,301,270
686,457,629
497,360,634
599,695,565
541,747,611
278,300,303
754,783,329
344,296,351
453,374,186
501,263,615
403,332,415
404,403,539
220,215,860
617,822,354
428,543,300
343,491,486
780,325,348
436,432,305
388,760,541
625,404,284
436,465,292
343,529,436
590,331,295
317,408,357
472,654,364
324,292,452
691,375,619
341,294,307
652,306,236
763,377,307
341,450,337
379,637,691
248,778,267
998,377,304
423,289,349
528,303,332
294,471,344
390,271,309
626,435,271
498,257,559
609,684,446
404,319,534
559,489,793
559,489,497
535,376,499
252,616,281
521,932,721
434,772,678
392,498,271
419,351,321
358,570,520
707,498,544
338,444,339
334,347,392
884,510,383
480,286,590
382,415,278
420,207,436
375,427,306
564,578,717
426,464,336
728,409,277
789,743,350
510,731,531
277,584,440
241,375,493
655,366,362
339,623,290
354,374,500
288,379,281
335,364,249
372,281,675
484,279,333
404,343,474
633,506,444
333,541,491
374,461,289
273,680,423
359,398,431
403,419,514
999,297,271
335,309,602
521,309,435
277,376,351
341,196,654
310,409,415
838,828,358
407,622,467
376,643,477
425,331,317
213,343,296
379,640,295
471,524,335
449,317,612
299,813,766
587,453,521
378,616,485
610,509,428
496,345,760
399,325,650
365,583,254
341,561,487
407,472,263
349,529,439
613,951,429
722,626,623
545,287,386
292,298,531
329,356,485
334,1068,491
426,354,454
509,368,372
914,329,480
337,633,303
403,300,428
261,470,332
394,634,377
535,420,294
356,565,714
364,354,578
935,648,223
295,403,908
354,275,477
407,328,724
460,480,512
323,424,302
296,683,479
390,514,311
367,362,502
448,431,373
428,285,440
275,473,597
735,501,520
612,625,328
471,393,357
632,383,405
374,428,474
309,444,247
420,610,510
732,782,319
404,545,275
448,556,251
399,264,301
288,345,359
451,301,290
274,290,336
471,413,337
681,599,374
386,431,421
358,429,238
407,326,293
708,426,394
206,519,236
354,501,355
315,458,661
385,251,566
292,396,420
516,249,523
844,609,619
404,525,1198
265,519,473
307,359,330
389,307,297
422,273,427
305,306,456
281,326,489
742,530,474
257,378,541
350,853,264
340,541,445
212,636,524
244,360,500
478,546,415
428,407,370
327,279,406
317,369,725
738,307,527
470,287,351
297,367,458
738,248,297
249,345,288
261,601,315
250,234,335
395,461,445
376,623,355
366,416,530
437,378,424
363,406,540
346,371,314
499,322,672
477,246,369
355,463,576
452,363,473
620,688,596
276,424,596
323,225,328
258,297,309
374,293,458
286,390,695
358,320,488
451,292,319
434,756,379
968,216,705
595,373,549
313,414,266
336,659,356
553,330,431
492,231,372
257,597,457
401,371,590
439,335,561
538,466,515
464,273,613
693,570,393
513,222,724
297,534,528
254,552,900
748,1189,344
310,491,385
844,958,817
292,659,561
186,355,375
520,350,413
761,452,724
399,488,282
330,341,319
850,448,384
474,296,389
374,612,495
429,499,554
344,382,459
264,361,420
427,270,978
264,397,488
623,479,261
332,376,345
528,367,816
335,504,391
324,268,425
236,629,595
337,589,371
426,664,402
358,309,348
263,731,428
310,345,405
301,348,322
356,495,361
574,485,540
475,365,354
340,419,426
343,336,269
403,517,269
524,300,270
590,464,214
395,309,238
471,301,363
322,338,412
262,670,625
272,241,474
424,365,501
524,564,301
575,413,292
596,228,595
284,641,691
422,820,395
468,223,652
662,432,262
245,481,583
531,632,273
267,633,401
406,209,650
391,366,216
831,403,454
377,462,527
323,296,506
305,399,509
377,571,487
520,315,520
330,236,522
316,345,435
1242,435,327
225,420,515
993,265,382
712,706,390
418,418,427
722,308,541
747,611,510
318,608,407
755,347,376
340,448,291
336,455,413
387,218,332
425,232,582
251,309,386
316,501,256
419,518,610
372,375,443
650,343,440
431,309,388
583,295,580
289,363,492
239,474,437
456,359,252
367,514,808
334,374,420
937,385,463
446,316,370
321,463,400
386,940,277
360,494,422
438,349,529
643,325,633
499,372,336
497,336,493
494,300,610
381,489,482
401,326,361
408,484,550
369,480,469
254,356,295
599,404,315
879,524,273
719,472,507
498,399,468
538,639,303
592,466,510
328,292,569
294,404,370
279,392,489
453,813,259
430,321,553
323,294,353
735,542,547
355,450,500
497,736,319
403,399,276
271,803,391
674,556,549
544,386,296
535,319,490
590,295,684
397,518,335
470,352,557
429,969,464
460,408,377
346,343,385
394,657,588
382,337,487
445,472,278
410,468,474
725,726,366
516,353,471
397,540,374
297,547,797
502,447,314
322,366,501
302,824,667
248,328,628
675,344,462
260,534,454
474,582,209
221,441,281
438,348,329
509,289,304
432,564,552
386,833,408
394,851,281
390,388,252
464,281,413
346,254,588
510,422,280
241,242,412
440,535,377
428,635,439
841,656,347
1184,307,409
321,353,462
547,561,476
642,415,425
460,485,652
337,546,313
622,499,298
479,349,206
861,757,663
446,448,533
354,522,253
275,493,362
337,216,299
392,523,877
623,345,557
460,370,363
722,294,507
244,554,392
376,421,315
384,318,352
369,463,383
457,295,743
278,519,576
525,441,259
352,273,281
334,652,396
263,395,381
323,383,385
380,253,438
548,463,629
310,315,640
346,425,517
387,406,555
508,471,481
491,497,737
329,301,330
247,680,288
535,348,378
708,352,361
415,460,319
358,424,537
308,560,493
662,472,284
461,327,375
423,398,297
497,308,348
568,321,1347
550,679,466
235,337,469
459,336,446
285,236,389
562,488,281
775,482,664
274,388,681
583,350,1080
430,418,771
355,385,495
421,492,963
589,381,394
335,303,593
520,421,331
307,412,902
407,357,692
910,300,384
632,526,205
494,653,238
493,493,300
370,663,462
288,388,282
357,745,472
560,351,505
267,906,521
260,280,623
362,273,681
720,594,355
653,518,376
415,375,574
392,347,634
319,402,461
388,432,667
360,321,438
493,371,562
366,435,292
294,506,460
308,385,256
332,413,550
361,279,534
511,384,291
388,467,499
285,539,484
399,388,344
774,461,448
630,381,465
693,854,480
473,410,217
267,259,422
319,416,431
296,482,574
413,854,469
199,458,554
626,559,499
375,478,599
442,271,290
334,411,425
429,254,352
234,412,579
373,1435,302
312,453,363
542,321,597
420,384,511
323,857,457
382,528,370
341,544,582
484,930,465
570,392,430
393,576,435
288,292,643
481,597,415
854,374,327
421,600,295
844,448,343
677,293,283
355,352,408
691,492,376
867,301,608
542,400,552
447,398,377
800,458,390
623,275,300
1354,648,377
527,447,305
440,351,382
280,434,509
543,256,316
406,761,765
629,355,348
353,723,766
397,301,301
498,446,368
243,819,330
330,448,449
279,388,311
621,537,315
702,283,455
487,495,494
368,277,522
331,312,367
542,245,391
337,387,390
269,582,381
447,526,700
371,544,706
427,634,259
588,1102,784
295,336,487
547,338,692
599,409,641
266,332,386
246,347,372
335,431,254
288,394,287
247,360,432
360,327,355
526,471,289
886,484,303
432,986,533
399,380,292
297,490,525
442,577,352
563,362,350
562,295,433
465,539,560
556,823,343
738,244,725
394,358,369
357,465,224
346,285,363
366,384,400
380,403,288
419,493,491
634,319,570
398,387,580
265,304,569
549,761,389
741,523,552
402,352,269
967,555,890
366,403,455
337,453,642
382,773,394
383,405,309
725,461,399
361,515,558
311,260,409
358,420,500
460,409,399
656,382,377
518,301,301
535,542,692
770,487,331
578,488,603
358,950,444
540,330,515
419,482,285
684,441,257
341,441,370
483,691,354
241,296,321
411,377,317
400,807,331
375,476,664
244,563,286
494,466,550
413,549,540
250,443,613
235,269,519
276,391,863
650,232,404
469,956,567
499,440,411
347,719,553
293,432,432
316,632,501
387,512,580
381,370,246
279,273,533
464,492,457
619,449,407
342,760,333
401,516,362
424,363,295
360,763,292
348,376,616
520,225,357
453,463,474
331,361,719
1153,238,478
254,404,285
398,486,476
383,416,821
296,380,545
300,295,277
940,974,1175
297,504,825
461,272,587
665,336,446
420,480,251
399,278,328
627,630,323
352,596,991
452,260,574
342,272,596
349,274,287
515,482,254
247,407,377
421,275,347
295,482,378
292,239,473
374,728,471
611,579,476
355,433,239
490,374,462
557,372,521
456,436,399
538,529,510
382,452,266
610,458,425
474,371,319
306,629,309
602,298,665
464,406,312
718,447,415
603,418,362
347,582,370
353,305,420
514,775,416
755,312,374
575,826,417
385,319,631
433,482,681
347,685,911
241,730,399
400,446,370
586,285,411
594,279,294
571,499,652
386,686,427
408,384,356
856,366,370
377,395,735
640,411,732
596,379,397
556,610,347
340,381,473
302,816,332
894,637,528
233,488,408
435,436,470
464,230,573
409,229,278
291,313,367
709,506,551
253,466,554
839,604,403
606,1039,655
445,494,380
330,626,361
405,294,523
359,595,496
387,353,379
564,314,702
327,375,507
513,901,504
533,450,272
309,672,432
330,302,462
706,280,513
429,722,338
512,287,450
405,864,313
416,870,392
281,408,329
315,312,437
335,398,533
541,497,300
573,246,407
508,714,313
696,395,567
527,281,1227
308,359,352
301,433,231
621,300,368
504,511,335
466,237,411
383,306,505
306,332,465
899,260,289
485,909,255
468,409,318
646,707,335
566,420,315
432,597,757
556,322,579
404,442,413
578,313,264
360,488,287
302,283,252
238,328,342
535,323,491
481,409,377
453,435,666
484,321,359
494,386,300
262,830,447
356,335,656
549,479,536
391,353,332
213,546,847
432,325,444
419,326,398
321,605,483
267,621,401
342,427,354
811,482,427
596,555,637
298,340,368
596,589,304
418,257,709
422,335,602
939,330,430
238,336,292
400,322,586
355,436,359
760,659,265
471,301,608
1215,379,379
434,769,801
640,437,262
388,289,358
286,443,370
686,601,351
399,630,316
334,327,497
593,311,272
496,621,296
208,956,628
593,467,390
447,473,489
398,373,291
536,1087,333
320,535,409
381,647,780
723,693,426
286,738,352
333,415,244
297,469,534
871,807,614
408,484,381
491,408,320
317,436,573
462,346,550
773,395,242
354,279,417
512,283,329
531,349,453
378,526,319
401,397,403
443,376,520
381,444,387
467,267,370
244,371,554
350,224,377
507,358,299
919,273,362
262,298,419
233,736,336
345,307,336
296,461,427
384,490,347
393,485,336
403,515,542
360,469,404
219,193,472
655,299,387
413,345,344
461,306,430
456,871,312
302,285,659
686,830,364
363,344,452
356,512,626
413,548,423
271,308,626
552,308,331
369,281,310
312,380,670
264,434,486
785,247,581
311,586,522
422,458,586
372,428,372
317,572,603
266,306,664
294,478,294
495,541,430
428,408,240
246,574,384
435,384,345
766,452,294
382,376,395
761,486,610
401,408,341
301,713,471
692,457,486
517,305,906
349,307,323
534,247,288
733,328,380
219,313,299
424,304,214
448,568,295
798,375,574
359,370,270
600,390,837
421,306,378
463,650,393
788,595,283
309,251,427
678,558,537
738,286,232
463,327,465
617,912,660
425,467,589
269,437,367
324,626,288
601,510,502
307,436,556
558,784,309
408,722,574
430,379,255
259,728,439
488,277,400
384,399,427
482,353,469
323,317,425
449,339,638
574,568,243
341,706,408
356,467,508
358,631,429
356,488,426
367,304,641
586,301,469
400,751,202
765,422,549
321,879,402
253,247,549
338,511,371
298,438,338
241,436,349
398,288,604
347,658,390
476,279,610
305,362,630
525,712,262
274,278,735
463,401,396
454,399,372
398,631,476
333,465,396
446,437,564
192,676,319
442,363,752
371,365,635
849,413,432
741,517,612
455,298,919
248,351,364
633,372,461
353,447,365
526,345,352
432,481,333
766,440,552
373,383,877
424,379,408
450,739,259
447,974,485
391,253,342
295,504,348
489,561,492
475,692,528
401,531,450
310,316,531
343,846,303
368,777,271
380,240,416
244,248,527
616,263,299
629,234,597
387,569,326
451,281,396
329,235,677
512,557,732
422,396,443
508,326,367
461,286,279
459,240,418
872,419,731
513,361,467
282,259,381
555,618,418
718,274,340
355,416,315
516,350,646
569,382,562
842,398,299
300,403,348
439,441,509
509,406,307
262,322,930
382,551,352
410,479,513
280,500,288
420,503,378
811,546,405
492,383,376
797,597,672
977,655,837
