hebbian,anti_hebbian,random_walk,anti_hebbian_B=8
169,292,243,334
368,567,419,521
294,340,441,411
244,313,293,390
171,440,423,277
177,418,316,649
255,501,279,664
260,449,334,300
596,551,426,444
274,416,291,247
231,326,301,326
233,370,270,446
273,604,373,452
142,344,313,194
408,345,345,613
228,667,262,296
290,366,282,506
459,396,301,336
417,530,294,476
259,352,318,309
225,407,469,471
297,418,392,353
222,341,359,502
195,467,364,412
290,302,278,318
234,329,421,487
291,357,206,1115
298,377,279,406
252,422,265,409
484,217,491,290
175,333,283,342
296,764,407,376
452,431,356,1146
251,917,184,490
446,264,379,355
200,424,355,599
408,391,189,227
239,529,369,1075
143,286,745,338
306,370,477,291
233,369,319,644
218,1355,258,250
276,247,445,686
387,427,332,488
318,547,478,276
193,513,386,452
221,301,236,495
290,554,283,472
186,269,307,435
296,319,264,535
279,337,245,612
596,817,230,523
276,907,304,665
250,320,438,521
322,522,442,330
274,406,279,386
231,482,258,396
297,472,385,268
301,227,488,410
191,344,261,832
307,363,254,687
275,418,276,259
241,386,516,338
267,327,323,370
168,406,421,696
403,581,367,733
416,422,237,520
219,264,309,232
185,390,250,640
348,451,428,281
275,433,319,353
338,518,323,683
315,256,483,421
306,730,417,668
291,400,370,750
261,722,431,726
204,667,324,399
288,444,353,637
201,212,622,438
228,415,380,380
281,446,387,704
236,643,282,352
329,599,231,253
257,338,321,527
242,369,259,340
404,388,264,352
300,1192,226,583
401,717,257,437
312,383,362,540
249,392,362,434
281,254,490,317
198,252,230,361
238,225,414,1533
242,485,500,449
173,574,295,478
304,610,219,318
560,383,417,584
401,528,248,422
309,390,262,276
170,508,254,1085
328,260,201,802
218,346,700,423
161,276,478,455
409,461,266,770
294,501,188,586
315,378,370,273
254,354,223,438
177,652,291,605
347,277,270,344
181,1119,259,748
340,264,468,495
143,730,523,467
212,574,227,617
223,354,187,358
312,726,359,303
179,1159,309,442
474,439,294,384
443,362,431,579
236,365,312,372
287,451,418,400
389,698,337,757
359,474,326,781
319,263,276,541
198,373,380,556
338,344,420,432
199,379,229,550
233,337,227,1234
308,289,384,361
169,288,277,595
185,383,267,470
255,411,441,359
272,504,217,743
257,375,395,322
628,393,270,427
358,543,328,303
439,375,257,407
230,513,296,958
251,553,356,376
291,468,333,466
270,275,351,351
159,666,256,426
300,480,381,394
384,454,256,331
176,320,201,269
429,508,220,346
273,257,328,531
257,455,435,587
311,896,290,492
247,514,313,331
316,653,367,617
400,451,255,753
227,315,374,735
227,479,287,594
307,282,229,510
241,476,384,615
234,704,272,316
251,249,366,300
338,411,367,532
288,581,386,304
326,461,392,356
281,300,328,600
245,418,222,275
345,235,306,526
196,439,377,386
290,546,383,494
211,470,262,410
313,487,229,602
352,477,253,509
345,350,298,357
232,295,361,405
324,566,209,395
419,579,375,406
325,599,236,574
571,347,242,255
338,639,232,315
312,256,361,290
171,629,291,429
230,374,155,250
235,357,380,529
308,404,283,374
200,437,438,729
241,318,337,314
233,452,558,384
438,1001,416,299
234,548,241,492
283,741,371,307
219,698,477,445
319,858,433,398
328,232,419,373
339,369,321,866
240,414,233,472
167,335,298,526
223,728,305,318
178,355,207,605
363,441,323,811
230,386,209,194
385,352,306,491
242,500,346,485
340,405,391,337
305,439,346,567
437,414,282,555
279,409,335,304
248,526,446,550
328,334,479,408
259,361,688,354
382,484,243,742
267,277,319,543
157,637,414,528
294,404,353,559
519,348,237,403
288,459,286,628
248,400,319,388
314,814,207,345
307,491,290,324
150,219,299,429
392,258,245,550
171,647,470,304
284,476,319,430
350,658,335,361
292,322,317,263
255,816,213,499
255,399,272,512
208,511,345,588
216,323,357,407
196,435,462,454
320,805,262,312
323,295,255,381
269,328,267,749
281,727,350,394
413,604,394,278
339,357,362,307
204,333,427,405
153,729,371,493
352,245,261,408
189,320,232,386
251,436,409,406
310,619,292,659
278,362,374,582
247,587,432,462
277,248,341,456
328,535,313,332
458,375,422,348
230,353,370,292
267,737,341,416
265,339,541,340
142,384,299,340
171,675,285,287
173,678,333,362
485,289,389,479
322,1122,461,683
433,473,635,296
306,639,457,448
208,354,341,429
444,490,255,327
320,637,364,265
306,543,375,313
223,653,205,367
188,362,246,442
210,270,279,466
166,396,267,380
375,415,365,360
211,398,307,238
231,282,307,340
250,836,440,260
230,561,349,430
197,376,330,311
242,667,315,313
319,378,394,215
220,543,454,363
265,299,394,258
298,508,272,415
318,299,319,321
352,515,288,308
462,368,521,304
250,396,398,965
269,517,308,383
286,529,287,283
362,278,312,477
213,244,380,432
146,541,410,590
252,395,446,327
166,840,220,228
386,536,369,422
388,254,191,329
241,451,477,351
297,348,332,338
270,524,330,280
403,247,375,742
225,620,377,342
294,374,357,320
414,431,323,256
165,407,226,290
337,361,508,638
195,376,456,396
468,722,325,378
192,291,673,706
594,647,304,361
360,361,341,379
229,655,183,251
137,664,246,530
267,488,515,271
341,311,219,385
286,249,435,438
241,219,257,484
147,491,389,478
418,492,259,612
389,351,348,338
302,728,308,406
262,503,363,443
307,570,299,408
483,304,363,558
273,531,358,253
240,443,206,454
246,689,290,225
285,454,433,386
239,461,331,470
500,523,401,545
197,411,399,392
295,212,342,374
262,441,207,345
489,396,498,805
269,484,382,352
296,413,243,600
270,273,259,335
479,407,301,374
471,587,244,320
396,245,303,679
356,481,748,390
121,311,298,275
261,577,295,364
242,539,253,369
309,287,272,339
207,320,316,626
441,344,610,663
221,590,250,296
341,382,436,347
617,306,373,258
211,588,488,412
215,359,418,341
181,306,612,290
190,301,225,387
202,527,750,443
403,386,547,1094
165,770,224,353
207,403,306,421
325,330,368,751
299,400,275,565
329,277,390,361
279,605,258,484
238,790,377,391
282,579,359,225
367,943,324,294
285,537,527,1260
283,958,377,699
310,402,215,306
290,478,214,395
333,369,209,238
201,531,298,541
272,398,386,412
212,363,412,322
359,439,297,254
195,656,471,387
319,837,456,421
330,471,188,290
226,440,261,648
294,270,232,414
235,450,267,476
340,494,217,361
306,375,275,350
314,510,270,788
234,351,269,399
267,293,293,921
312,348,379,269
308,265,276,305
277,322,242,315
247,326,305,350
169,436,276,803
293,379,235,350
202,318,295,311
173,271,262,584
231,422,190,440
330,500,345,297
375,322,431,316
233,341,625,302
361,295,359,615
168,500,226,399
190,421,284,708
452,538,244,365
226,548,401,351
452,375,348,325
331,188,403,417
279,479,334,694
226,665,227,414
393,336,570,666
291,447,313,309
507,267,272,468
340,566,375,436
307,409,202,499
245,389,518,750
297,400,285,395
230,405,207,349
252,324,343,325
212,365,361,474
254,626,366,328
475,382,372,606
388,459,202,402
258,534,287,432
289,465,395,394
249,293,428,881
150,295,237,439
295,280,274,500
364,297,399,487
283,988,726,293
361,416,347,226
236,302,403,462
368,401,405,296
285,588,309,323
451,332,262,591
233,354,388,478
176,663,672,406
273,269,344,264
267,406,225,339
355,375,350,432
390,321,209,322
345,436,379,319
222,466,249,365
390,416,384,468
458,337,440,870
206,560,266,243
300,596,273,293
194,661,159,319
379,364,334,304
345,398,266,698
265,620,442,431
311,258,669,239
214,1413,233,338
418,768,385,491
428,532,456,457
251,336,238,223
311,297,216,548
377,780,269,454
243,210,276,634
332,440,223,237
206,309,464,402
200,710,196,430
265,637,216,710
225,270,259,318
520,440,424,297
186,330,461,590
252,472,202,373
426,577,296,291
286,759,358,428
403,676,277,543
243,513,369,270
207,353,203,285
294,483,331,677
250,412,253,542
251,278,287,391
197,356,292,384
303,346,245,468
288,385,527,334
312,929,333,480
252,268,302,359
290,516,281,347
184,335,226,628
257,348,202,778
554,263,227,289
379,351,294,441
317,315,400,372
263,545,292,431
157,356,325,607
456,404,266,684
351,455,297,529
334,436,231,396
249,881,581,441
201,432,341,314
232,707,366,453
342,369,233,286
546,498,482,1049
169,327,394,689
189,444,206,586
252,432,207,602
260,293,257,421
430,616,202,240
473,366,326,394
317,358,428,633
161,380,486,488
432,641,477,324
634,685,327,316
267,363,601,509
336,477,273,380
239,668,208,374
198,366,174,256
306,478,352,291
221,453,390,239
218,612,221,285
184,586,280,268
273,384,351,587
470,434,194,445
328,773,292,568
332,450,354,483
178,599,311,454
342,298,531,407
261,576,312,404
232,336,335,286
314,392,662,828
430,496,298,453
401,331,421,173
317,356,286,267
262,759,316,583
216,235,273,342
233,362,405,282
214,441,387,757
519,664,248,433
278,590,321,414
248,798,364,576
399,956,369,524
339,692,221,339
210,506,195,379
245,331,318,317
451,273,272,341
616,493,286,606
328,371,350,691
202,337,358,500
274,467,460,365
407,541,203,232
457,360,405,529
173,821,442,471
328,293,309,510
631,368,215,480
306,365,372,350
318,332,211,380
187,309,534,359
507,350,287,359
370,319,349,400
186,399,248,336
334,481,228,321
303,315,444,294
303,622,479,344
284,684,285,480
435,307,383,772
334,522,308,482
280,188,541,804
297,442,218,214
256,352,312,570
553,392,260,326
357,821,413,439
184,319,285,251
392,275,475,384
238,434,233,495
345,512,275,366
194,627,244,569
258,802,217,607
408,376,365,605
175,306,465,314
293,227,270,686
192,413,316,425
235,339,431,375
166,304,391,282
211,316,421,344
512,592,552,515
258,669,305,437
302,363,507,483
360,479,318,575
211,290,420,356
248,286,394,214
262,314,350,351
300,417,468,607
360,602,328,581
288,201,341,308
207,243,281,337
304,405,396,349
326,291,286,452
368,244,209,700
237,568,277,230
255,320,420,407
344,531,257,304
359,378,273,322
186,536,346,361
216,296,235,295
235,545,225,544
212,284,338,352
194,341,434,308
318,517,206,218
525,492,591,505
327,230,289,768
297,557,445,471
298,277,255,1346
344,280,781,368
299,583,289,387
230,345,501,344
191,774,268,333
355,441,224,1053
359,384,250,327
374,830,292,355
326,458,296,447
405,279,208,597
283,357,216,524
238,212,250,281
288,441,323,504
240,570,236,476
499,408,231,225
268,312,269,267
172,829,296,564
224,385,245,574
376,469,436,574
431,528,378,761
261,389,307,244
345,581,325,262
385,358,262,448
346,275,527,402
190,295,366,301
233,430,316,391
376,328,260,427
272,740,454,610
278,659,380,287
166,329,389,456
288,235,238,606
653,426,269,386
234,310,306,392
323,453,328,307
315,374,253,439
256,461,332,293
279,908,245,245
299,431,519,342
332,329,332,472
317,256,424,408
225,547,273,368
357,309,438,525
371,675,228,260
308,412,361,292
237,411,379,377
360,459,258,455
316,378,187,419
295,309,378,410
226,510,282,324
189,562,539,528
274,331,364,760
194,395,723,398
215,287,340,445
214,557,308,254
216,285,269,266
663,280,393,544
308,559,170,374
249,582,607,378
140,220,241,420
249,299,188,592
244,393,452,360
214,245,237,510
198,287,335,532
226,414,409,609
357,551,411,635
259,654,249,474
357,363,225,501
316,459,268,281
311,469,356,561
271,583,248,549
507,288,419,388
304,381,443,418
344,395,495,304
331,275,300,314
181,401,498,626
196,652,351,431
264,602,353,645
194,409,244,513
335,480,346,271
846,749,360,482
217,263,514,393
403,552,247,623
368,260,253,510
237,375,227,562
222,436,322,804
324,269,256,440
184,320,288,233
177,350,234,472
198,1079,586,373
158,316,250,979
119,476,290,329
300,418,406,381
157,587,377,485
187,564,185,466
199,346,351,505
327,688,741,331
307,720,451,330
224,304,682,419
358,268,227,293
246,432,168,512
358,554,267,303
250,265,498,701
343,241,339,577
426,325,345,301
263,254,457,446
180,1251,370,227
419,573,259,414
163,291,257,861
235,309,446,348
223,397,320,359
225,401,566,297
388,590,257,320
388,608,212,449
399,453,294,488
248,511,201,488
239,509,693,281
198,369,566,381
188,817,316,258
363,584,351,517
226,340,300,667
369,527,233,336
300,521,503,488
368,372,513,297
329,399,256,372
335,342,261,1236
291,352,330,214
167,276,350,361
232,863,241,343
317,563,271,299
152,305,311,316
239,533,213,371
339,305,328,292
213,511,481,696
316,675,382,271
196,407,354,1124
480,292,532,541
386,323,619,575
338,752,322,364
261,626,230,571
177,564,287,319
436,293,349,318
401,723,605,417
252,923,357,363
378,314,240,265
279,487,258,382
231,449,317,336
286,339,255,340
249,475,237,366
256,300,364,509
375,246,315,289
275,285,475,484
290,370,210,261
446,495,365,422
274,544,437,510
675,771,398,573
396,310,461,404
355,267,311,283
178,303,333,661
311,361,207,445
351,387,277,223
449,473,272,433
435,296,318,532
291,338,467,448
310,329,449,531
244,355,529,415
246,459,325,320
411,493,550,718
404,284,354,312
491,509,341,383
219,260,205,441
210,389,324,500
234,351,328,264
292,369,330,373
281,496,216,440
254,326,392,358
642,722,457,462
480,430,518,350
191,526,290,543
300,326,510,545
417,714,305,506
266,549,407,418
381,292,415,546
327,644,257,352
274,376,254,684
224,329,393,260
297,370,432,350
254,452,282,1043
123,444,254,245
300,524,467,529
199,412,305,537
325,334,279,366
221,338,263,552
224,239,498,489
291,643,344,630
324,425,355,376
332,572,357,304
563,333,259,318
148,426,349,501
256,634,176,321
378,502,282,597
346,370,418,623
273,527,308,644
244,507,294,507
248,721,311,369
223,540,193,667
266,736,422,416
269,1000,368,756
292,550,201,853
200,268,316,472
327,297,253,365
237,380,284,321
223,610,206,520
174,552,311,392
277,467,270,551
344,441,396,427
499,624,340,399
326,395,259,305
473,602,426,336
313,433,325,334
288,330,645,245
241,427,423,542
647,280,411,339
559,399,408,695
168,269,246,305
180,260,261,492
373,497,284,281
228,463,311,341
314,357,479,323
236,703,239,558
254,314,423,269
533,585,402,353
297,404,252,205
306,210,302,314
383,300,379,470
296,288,361,351
263,331,533,399
248,619,214,324
325,304,284,571
225,389,257,619
335,715,431,595
626,405,509,324
423,546,255,345
419,447,249,703
267,741,335,266
401,486,564,389
195,1201,369,216
244,428,537,466
363,274,144,279
208,578,303,400
202,661,215,318
325,494,214,753
332,318,367,353
321,309,345,242
258,440,341,581
248,652,360,353
179,534,323,364
304,365,493,510
208,293,513,426
314,497,309,981
353,358,328,831
252,338,403,443
204,439,292,355
393,626,285,362
200,334,285,264
268,429,201,368
411,654,458,305
451,313,341,287
214,211,622,629
199,348,317,492
197,226,285,385
253,279,330,253
278,600,334,388
375,350,376,570
293,480,413,561
258,310,569,372
347,650,563,536
367,639,368,326
344,494,263,344
284,942,367,744
277,446,242,670
340,409,414,311
286,211,322,361
282,589,387,509
159,745,182,379
276,393,393,280
213,259,418,746
287,562,337,591
322,341,301,231
318,564,358,264
279,287,268,493
339,410,212,339
356,226,223,438
218,824,422,411
344,444,319,263
304,578,517,420
592,454,592,490
233,316,239,312
323,466,455,545
240,531,194,714
291,420,283,350
298,509,426,952
357,496,271,424
320,262,320,434
492,688,250,413
164,378,406,291
263,299,501,458
229,576,376,347
353,481,234,526
376,648,484,460
343,405,256,338
314,446,325,273
324,385,191,225
271,378,270,797
467,372,307,337
183,420,626,371
257,289,349,650
249,543,330,370
310,442,443,1224
214,666,352,216
444,339,298,304
557,438,328,530
397,458,354,417
310,323,834,231
304,773,298,293
350,259,184,477
244,437,262,387
180,707,464,390
267,363,225,586
307,638,228,209
369,627,273,351
172,737,195,401
184,193,252,460
402,346,280,385
300,273,770,234
279,417,437,431
378,462,472,481
575,404,253,273
243,574,181,261
224,278,313,540
381,558,236,457
325,591,386,400
301,455,312,259
293,390,472,381
192,788,314,677
192,252,335,401
231,337,334,422
598,387,376,636
321,426,371,327
181,752,341,520
590,356,278,467
311,675,410,885
303,354,551,399
307,377,196,268
351,1157,381,418
226,259,241,370
269,489,250,403
306,238,453,447
297,305,281,434
190,328,339,471
192,299,245,344
309,461,311,581
390,346,345,845
352,621,219,269
385,445,382,455
225,383,216,374
191,619,330,563
252,844,453,606
305,478,190,407
285,425,323,399
431,339,485,436
224,386,380,614
223,433,368,386
418,369,428,419
234,739,478,1466
280,524,259,345
245,360,306,483
536,525,274,545
251,365,459,497
217,389,198,686
261,725,362,253
390,647,450,306
277,304,327,300
368,407,475,484
315,773,339,785
443,319,293,280
449,329,268,713
429,514,258,349
404,352,486,419
315,296,215,244
475,244,373,342
460,398,375,282
256,629,160,715
156,700,472,455
245,411,478,368
344,321,187,308
308,471,655,806
380,507,336,182
344,665,241,354
342,237,524,698
426,233,309,265
380,708,345,432
451,447,448,597
292,351,295,461
253,411,395,492
180,380,296,409
375,382,334,558
221,724,272,385
356,573,267,302
345,323,187,414
425,526,371,416
288,322,247,404
149,767,296,548
399,280,460,428
514,594,268,429
263,628,431,789
166,708,437,351
298,606,212,332
221,452,314,723
379,602,376,396
252,474,380,614
282,551,298,290
188,509,301,491
173,627,423,760
245,384,170,928
388,736,508,534
333,632,265,360
327,344,286,454
337,367,218,230
369,569,448,398
218,273,236,225
180,457,482,472
355,391,358,291
192,346,410,378
259,298,407,561
357,423,533,488
264,706,370,285
249,420,300,324
357,574,229,291
255,717,422,303
260,1081,246,358
264,399,381,379
339,345,329,582
229,644,327,427
240,359,544,561
204,256,292,351
464,363,460,627
250,648,350,318
566,327,345,499
423,314,366,244
282,355,296,288
177,425,337,329
208,475,402,355
176,424,321,408
296,359,378,496
299,321,271,238
198,849,369,660
494,237,544,549
215,271,425,355
238,1158,230,592
188,471,357,517
388,475,218,289
329,481,364,854
493,494,222,326
237,330,214,237
341,499,342,488
432,854,354,524
207,308,302,441
254,442,405,494
238,513,619,381
305,367,438,216
245,393,196,404
393,322,350,401
455,425,358,504
327,817,374,547
241,355,278,330
214,516,393,375
179,602,266,288
235,544,336,495
274,317,208,656
336,227,318,371
345,394,226,297
328,276,193,577
211,299,439,307
558,332,335,516
383,403,259,403
308,405,349,382
325,415,281,497
402,299,207,790
300,584,310,280
411,328,459,647
170,513,503,583
255,291,517,305
385,480,467,344
275,356,319,495
227,297,462,298
179,424,376,319
180,474,308,633
247,346,202,339
226,491,720,263
249,734,352,254
363,315,293,323
248,854,347,242
535,721,651,296
393,333,270,290
265,336,305,446
376,343,536,485
307,477,214,339
255,414,245,389
254,397,435,313
439,269,227,255
300,412,312,299
279,644,408,222
558,531,354,420
239,292,300,331
324,315,259,354
221,673,249,304
233,388,190,357
175,276,291,406
332,743,332,434
263,285,342,264
244,398,287,406
209,295,230,282
125,403,212,483
376,585,221,362
280,546,287,861
240,736,293,686
376,401,276,490
345,664,464,314
370,554,192,618
178,471,378,552
285,603,331,775
195,445,284,428
594,450,324,703
351,430,324,341
196,325,283,427
402,441,478,663
282,502,497,485
245,543,463,402
203,390,439,702
203,404,417,291
273,304,188,474
248,475,309,288
395,584,293,728
376,344,333,356
308,298,290,336
558,409,206,464
243,204,237,346
216,318,290,465
160,429,292,414
265,927,320,310
221,433,325,277
206,343,485,343
271,316,330,418
403,245,292,339
264,278,365,494
267,454,270,280
241,435,258,570
281,487,300,356
232,377,188,532
330,268,497,213
950,513,264,491
218,334,380,311
238,534,377,551
259,446,387,504
237,749,347,319
210,231,257,268
242,508,447,484
269,359,302,271
254,305,235,822
292,457,431,415
294,550,370,490
311,447,478,414
299,704,277,660
361,1320,292,561
136,262,269,399
267,512,243,348
363,1394,288,258
182,607,271,493
189,316,251,466
255,365,218,373
295,460,225,356
322,667,380,549
184,308,323,498
248,761,244,349
390,244,304,294
258,627,254,398
319,381,237,511
252,415,219,558
257,378,502,241
184,290,259,247
357,573,278,395
235,311,275,259
246,319,314,343
189,528,372,464
324,261,323,423
271,718,270,281
289,195,338,383
235,404,270,242
270,331,299,429
166,445,272,447
146,457,402,512
288,343,395,329
352,548,429,414
232,328,214,533
411,491,276,461
245,366,230,358
232,752,197,304
197,297,318,354
340,312,147,788
327,357,220,274
316,578,304,861
198,367,359,440
318,937,338,254
215,345,382,658
275,351,260,479
284,471,234,291
346,278,388,318
229,428,335,414
381,345,473,716
339,532,379,322
302,573,398,365
307,302,457,289
255,456,529,278
316,441,214,873
220,262,228,286
449,479,146,440
441,324,353,326
149,651,286,435
255,574,323,409
183,633,216,544
212,444,360,440
226,346,367,519
279,413,617,357
532,589,426,407
220,274,383,286
289,698,273,446
297,404,255,463
405,777,354,1017
409,321,237,244
244,298,462,509
283,356,307,304
371,273,320,457
565,424,357,329
317,678,313,416
219,368,408,478
283,298,284,381
326,343,223,479
210,297,144,841
265,579,343,580
228,348,286,482
243,339,639,221
192,319,321,346
355,301,275,692
220,297,255,259
281,386,413,271
278,307,223,354
309,247,328,292
251,580,369,412
289,533,546,878
253,434,413,369
609,328,401,295
275,459,456,568
404,237,408,499
406,388,353,655
470,478,479,369
405,878,324,290
250,500,396,318
215,436,526,417
243,336,247,292
198,619,386,456
245,279,365,370
524,544,354,407
241,534,505,348
248,276,307,475
229,516,313,398
179,656,260,420
528,447,311,301
165,332,285,407
224,516,505,304
265,237,379,339
579,355,384,367
212,456,370,258
255,268,230,572
403,329,204,433
198,292,410,526
331,517,416,408
241,449,259,1025
160,443,211,566
221,537,345,643
368,419,266,469
260,594,413,239
230,577,255,301
222,438,393,396
354,409,363,399
207,655,241,511
291,547,252,398
224,565,271,283
357,448,493,518
252,679,425,274
279,503,409,394
373,581,284,340
393,394,240,371
378,384,278,504
313,401,432,349
273,413,369,623
229,747,252,576
284,633,227,437
385,587,326,395
602,403,281,531
232,284,341,556
194,405,367,286
214,396,243,428
372,344,433,466
383,327,284,335
248,476,411,442
234,535,196,807
353,269,250,519
264,518,270,342
309,461,335,692
462,686,162,522
308,440,504,263
458,561,245,839
161,794,305,506
208,528,252,334
299,418,545,381
271,400,275,701
406,523,310,246
502,482,259,518
170,338,311,379
237,561,331,540
377,304,237,903
205,870,391,323
200,496,243,383
218,363,326,431
351,355,256,413
235,761,232,403
352,396,533,837
340,417,264,463
317,337,427,364
211,386,611,466
399,339,591,283
307,699,437,318
308,628,299,443
488,239,315,366
404,596,255,375
260,333,326,392
380,638,371,260
300,669,346,446
258,500,451,423
406,366,670,659
414,307,455,702
414,400,167,291
194,281,288,320
403,730,266,440
641,319,222,263
192,674,223,463
254,294,511,405
314,477,476,369
290,261,228,366
184,1037,360,532
333,425,608,427
342,1232,274,579
330,314,349,419
243,358,542,302
379,498,438,381
270,489,351,377
208,330,415,271
208,492,610,1328
291,268,311,333
340,216,398,676
341,1002,208,508
408,397,204,336
245,414,555,326
185,603,413,466
368,829,312,355
339,655,511,320
442,703,471,423
271,475,342,544
396,355,358,342
328,358,397,557
259,524,297,521
220,1089,726,619
297,540,292,607
144,707,569,468
284,949,326,706
266,495,275,285
220,612,366,362
397,231,206,418
433,227,194,522
356,348,257,422
270,316,299,316
260,554,300,568
360,287,637,346
288,636,385,281
273,562,309,1232
399,589,302,404
290,242,223,431
278,210,333,345
195,419,240,511
336,492,226,455
340,696,396,672
447,366,274,242
308,555,337,577
247,298,319,636
428,722,549,351
243,403,467,320
262,310,365,304
500,552,382,671
341,285,377,398
321,296,328,399
252,334,424,339
346,294,335,587
268,401,344,511
358,536,213,390
207,304,215,263
262,304,196,406
346,410,458,383
259,315,335,650
299,609,241,297
574,380,393,358
273,272,397,309
291,273,352,233
269,331,746,490
194,269,295,250
255,394,326,534
536,336,318,343
194,371,454,276
574,281,214,283
217,367,335,321
120,393,378,562
300,396,498,547
221,445,467,551
163,547,278,643
282,368,329,299
363,291,281,734
363,355,380,358
480,480,379,348
376,391,310,427
312,417,290,498
328,594,334,461
255,298,422,448
167,475,262,450
158,261,257,401
336,219,224,465
323,474,217,270
429,324,232,299
233,445,437,363
415,280,456,543
249,273,417,403
286,698,224,416
151,596,374,546
234,424,435,360
316,590,177,322
236,328,374,451
339,426,433,550
231,278,318,512
320,527,417,372
301,595,275,327
483,489,254,396
323,614,228,902
245,354,375,222
331,255,435,332
553,340,303,629
464,614,327,507
335,522,375,536
244,390,401,590
254,1033,319,244
425,644,251,665
240,516,409,470
202,802,304,690
364,428,357,469
292,392,175,514
259,385,405,622
340,553,297,518
253,642,323,332
314,504,441,608
281,682,237,399
356,299,291,297
300,568,378,462
176,358,440,331
227,286,295,470
179,325,373,211
308,279,361,433
263,378,320,274
154,264,375,331
190,375,384,666
312,321,322,300
389,616,513,754
326,425,347,435
344,384,259,312
353,445,333,292
363,379,298,274
596,591,404,456
327,388,525,386
255,356,519,323
200,251,348,360
251,369,350,332
282,476,199,715
351,578,311,741
324,349,482,316
264,265,528,277
287,640,252,279
232,572,213,666
180,551,286,545
182,284,402,386
267,373,285,407
339,793,369,343
218,352,396,637
264,408,206,558
262,326,168,363
235,303,282,416
243,633,435,392
371,368,479,439
219,693,199,467
263,592,445,332
383,766,591,344
495,482,516,438
195,681,194,268
276,800,266,613
249,347,397,579
472,533,212,528
448,501,372,460
170,435,271,425
153,633,505,315
446,380,211,482
296,328,421,855
314,387,392,243
201,465,694,1030
260,402,236,599
247,427,268,396
412,384,218,689
267,588,266,380
276,366,267,499
272,501,284,814
263,217,270,333
300,285,326,388
276,391,276,321
152,578,259,411
195,424,160,304
198,372,355,569
226,728,269,328
220,570,237,315
247,326,392,293
246,375,330,292
270,454,250,452
511,518,200,426
316,304,670,371
217,363,238,277
192,264,186,571
335,307,200,447
315,485,422,364
216,909,458,333
187,305,367,409
282,382,343,241
488,465,341,448
252,249,258,478
504,253,234,483
176,422,391,727
382,315,267,427
338,711,209,355
176,438,326,234
284,405,308,537
367,342,368,685
244,700,431,727
189,600,303,722
271,580,502,343
250,672,494,287
216,287,227,791
185,443,352,310
192,328,321,489
203,489,354,294
302,439,594,482
258,311,302,1012
198,298,459,315
208,448,337,324
288,374,504,313
377,302,333,693
244,251,481,293
243,338,403,275
284,311,248,454
371,445,184,374
369,433,327,260
417,748,360,273
340,793,213,355
313,516,301,338
191,602,426,493
210,321,299,785
283,593,356,442
331,1034,365,192
292,269,450,285
245,616,244,340
196,754,267,531
253,523,480,351
185,574,235,934
172,408,494,492
295,482,484,432
191,809,235,346
232,312,502,826
368,311,206,424
155,415,328,398
327,342,433,383
263,702,293,446
354,617,322,460
290,367,361,337
313,821,407,539
197,250,231,528
352,615,208,546
321,347,213,305
230,275,250,451
195,364,417,402
259,531,393,317
326,306,271,256
272,468,227,410
168,576,195,457
319,453,194,638
347,656,300,437
219,603,348,283
431,365,288,356
247,391,199,373
190,741,237,314
390,423,687,714
189,1303,321,514
310,303,332,724
590,578,174,386
667,445,373,341
288,459,540,870
426,286,334,655
273,437,220,464
214,826,509,339
302,379,388,396
214,580,283,659
272,271,362,311
311,238,261,346
666,368,313,370
279,230,208,430
265,642,235,500
416,880,427,214
266,451,371,455
207,655,481,408
210,494,221,657
180,460,379,532
218,244,180,618
425,415,214,458
258,391,298,301
237,1408,279,652
198,601,342,426
247,718,357,340
610,654,363,302
262,419,368,271
196,1025,383,299
226,720,677,443
216,515,336,426
344,395,378,391
191,468,420,286
194,540,157,370
217,314,345,479
199,564,306,322
230,659,462,641
232,369,210,378
324,374,277,507
224,337,310,357
266,451,386,432
282,863,204,664
155,442,345,707
230,830,315,288
326,557,167,422
234,598,319,233
245,583,319,881
362,703,489,1035
230,348,431,752
212,672,395,637
337,432,370,423
269,568,337,433
354,396,397,494
349,767,253,384
193,842,415,560
213,551,438,280
391,557,534,300
309,572,337,422
291,460,345,454
490,665,196,459
197,537,450,367
381,323,646,433
269,596,478,319
448,585,503,374
290,391,234,269
361,347,503,749
388,425,309,434
223,379,428,308
174,402,300,509
271,250,273,284
238,254,365,342
171,650,353,347
252,645,322,608
279,929,246,473
236,404,291,250
774,284,274,309
289,441,312,326
268,366,265,309
311,364,201,547
355,529,404,467
150,538,295,254
315,605,414,317
245,869,245,306
384,396,287,235
301,296,248,549
249,568,350,275
218,421,403,329
308,382,296,730
178,530,533,290
214,333,302,297
336,474,385,286
443,426,326,587
400,394,269,823
321,216,308,455
238,649,269,507
277,287,376,489
405,257,272,343
237,254,294,509
149,453,228,333
495,812,272,207
337,265,211,821
186,546,254,536
324,643,250,406
222,428,415,460
234,435,327,343
249,237,413,390
284,448,321,803
288,973,304,253
261,378,381,616
340,319,314,527
215,993,383,527
185,426,488,677
194,412,310,779
374,337,307,228
428,564,341,278
396,311,271,319
309,597,280,662
453,833,340,343
283,287,262,540
352,370,249,675
324,706,286,412
466,300,243,562
320,318,293,463
412,357,518,459
303,619,219,353
410,287,486,374
282,362,489,428
367,648,238,525
563,394,527,466
357,553,223,431
281,572,242,314
414,310,469,213
316,403,281,489
405,378,411,450
258,345,296,692
443,683,313,397
245,389,265,389
355,393,239,511
165,285,283,684
315,277,300,627
401,379,191,439
258,451,240,368
212,435,302,399
225,704,223,717
395,1375,245,723
254,438,348,468
284,448,318,310
362,313,402,670
245,726,261,348
283,265,230,392
227,738,731,342
229,779,431,421
532,296,311,447
232,303,218,313
609,375,322,805
207,587,408,1080
244,289,420,238
341,1038,154,342
271,309,393,553
263,407,526,448
172,303,249,640
275,317,267,350
406,260,303,516
461,696,221,490
348,359,269,317
452,461,284,355
270,373,300,469
419,390,378,402
324,865,300,351
464,464,255,792
408,412,370,386
398,505,294,238
211,420,418,924
266,511,317,430
372,282,661,624
257,404,315,326
356,447,247,413
206,378,352,416
239,352,444,322
279,633,327,327
493,484,277,621
287,214,424,699
550,731,394,271
320,297,281,559
209,347,294,291
357,456,245,327
301,407,498,489
275,520,355,249
330,460,311,603
386,374,397,817
347,277,227,275
381,301,393,288
335,343,202,625
435,413,298,208
453,654,395,646
233,415,347,363
186,540,195,468
148,433,194,239
261,446,246,465
299,292,213,325
324,247,277,415
303,375,399,367
419,575,326,350
191,588,249,360
231,289,328,399
184,723,899,323
282,499,535,373
330,284,248,412
224,435,294,250
206,560,395,331
270,664,241,342
263,421,337,460
228,582,325,809
276,311,294,412
213,252,603,349
259,367,381,261
204,606,322,299
218,406,267,655
283,493,166,249
338,819,264,376
376,522,263,634
234,297,309,733
284,349,346,449
258,473,388,791
311,373,395,292
218,411,252,380
212,636,150,706
135,839,334,619
279,275,331,343
215,388,192,412
437,413,199,509
269,461,307,373
445,386,425,226
210,470,377,234
630,551,531,444
245,346,246,617
269,563,310,461
261,612,197,394
134,427,402,411
742,932,431,500
349,465,291,666
268,326,285,264
223,538,486,275
254,565,241,303
336,472,218,428
430,345,290,562
375,463,221,590
293,456,400,292
286,228,535,493
349,321,286,1009
272,427,199,522
248,332,408,345
236,285,204,549
201,374,333,418
209,445,282,411
219,453,258,543
256,443,482,305
155,303,400,586
368,395,354,414
186,290,455,553
239,388,345,494
219,621,365,665
161,463,253,555
303,459,387,828
236,230,350,352
280,234,713,378
259,403,235,374
183,425,186,285
207,361,451,1133
184,971,323,255
363,824,165,307
205,363,216,370
320,484,253,300
296,488,423,264
264,484,298,455
361,388,343,592
252,522,186,479
238,353,420,381
195,331,393,556
397,953,282,434
345,450,327,844
227,531,260,1022
198,323,215,292
326,493,492,433
327,451,506,505
354,409,295,406
331,460,354,335
170,331,455,459
297,336,377,405
309,490,263,320
459,378,319,456
252,382,254,287
269,394,448,506
217,248,429,561
515,307,236,396
265,414,285,473
169,370,442,350
361,562,464,443
317,326,376,600
181,788,248,373
273,329,229,801
290,482,313,354
250,453,223,348
459,429,423,449
282,409,559,426
229,647,413,293
346,472,280,582
248,316,319,285
304,299,332,437
174,466,447,554
309,486,241,443
252,267,377,588
226,473,235,639
394,224,262,469
283,468,366,377
411,355,268,784
250,284,270,717
261,458,341,871
238,706,384,287
211,458,240,504
335,385,313,300
217,338,262,478
312,262,321,376
209,360,295,668
417,320,282,630
319,345,337,373
195,344,304,298
480,537,378,287
317,241,221,391
321,439,246,407
295,303,213,396
209,313,263,262
213,667,274,403
231,308,304,599
233,441,429,303
318,535,231,317
292,369,260,479
320,628,578,672
268,508,272,330
201,573,494,308
278,945,315,462
238,469,339,307
322,276,240,1170
275,354,400,754
331,439,340,417
324,418,284,511
359,722,326,220
244,342,298,502
306,347,215,451
461,417,380,307
238,214,239,257
201,741,377,488
465,556,333,438
235,555,338,630
300,401,565,307
340,446,377,271
319,388,251,440
323,274,245,390
303,627,310,398
265,366,668,274
253,512,412,404
175,983,806,344
417,638,309,489
276,493,217,322
194,361,392,622
302,479,539,261
295,241,251,336
302,209,270,338
306,317,379,290
752,367,477,349
271,361,220,219
333,326,375,467
229,320,219,551
307,440,477,345
469,483,357,468
206,278,737,299
351,373,378,549
329,629,580,289
159,395,240,551
290,574,351,438
192,1349,437,302
240,352,311,405
166,410,370,351
196,298,469,357
340,420,446,239
164,332,396,555
355,350,366,488
312,633,446,298
219,404,378,286
250,592,374,562
312,470,237,900
501,413,145,221
478,390,421,401
303,510,215,271
387,427,281,328
230,352,217,332
221,327,270,561
218,518,311,367
252,708,401,622
324,315,252,287
303,534,273,360
203,229,287,446
286,304,417,852
280,283,180,850
212,483,265,822
199,261,263,385
355,592,397,456
185,623,498,521
321,485,263,223
331,327,299,701
331,429,235,276
432,513,328,461
228,310,260,392
171,876,309,471
264,527,545,307
282,748,271,306
384,391,304,437
193,239,438,316
306,537,340,302
260,409,357,354
203,705,312,652
283,362,447,520
542,328,326,383
451,433,336,317
322,535,641,522
328,294,327,232
286,631,309,527
253,262,261,334
344,228,559,542
273,310,229,285
255,275,463,446
353,343,271,279
258,257,273,509
693,460,382,374
302,383,438,236
346,383,494,455
227,377,380,454
336,356,271,348
306,463,280,430
226,954,354,507
167,361,273,282
396,286,220,739
255,273,447,249
302,274,259,533
469,644,451,492
298,481,354,1116
275,253,695,483
281,455,240,545
307,234,428,287
383,458,241,391
269,314,365,477
499,298,289,561
458,481,269,647
333,371,253,383
293,699,221,851
219,373,146,486
290,553,471,312
263,325,430,415
383,252,273,394
234,340,138,490
305,449,220,363
218,353,570,542
320,310,637,524
249,343,431,282
258,329,345,708
368,426,251,324
282,468,288,659
436,321,336,431
301,704,308,588
288,370,361,340
331,306,492,568
347,605,454,399
184,630,427,383
283,475,383,296
162,442,507,416
276,458,345,324
474,337,288,297
148,354,499,362
207,336,374,377
352,488,471,538
246,322,379,580
322,377,299,437
323,489,243,563
292,313,300,378
502,455,337,916
238,979,536,359
295,345,333,466
315,512,334,471
347,448,316,362
265,724,279,355
301,376,498,396
336,630,207,954
114,294,217,721
245,554,283,716
178,430,214,609
161,389,253,452
300,878,224,380
315,447,151,363
553,321,308,276
171,372,200,420
432,399,540,381
452,267,355,305
263,357,357,504
426,870,241,502
293,333,256,600
233,367,329,369
232,502,202,405
428,565,496,336
379,481,294,843
388,271,290,407
179,529,317,764
257,498,744,548
311,506,344,463
278,574,247,379
262,231,437,282
324,369,506,343
301,481,377,555
338,363,415,421
256,343,346,319
376,587,332,327
275,320,288,430
486,304,319,419
258,433,215,279
217,344,219,244
327,331,268,273
256,483,363,208
200,304,354,229
156,337,313,393
280,369,383,326
223,281,274,327
222,350,241,480
455,424,330,798
292,444,468,853
289,730,276,365
515,178,386,575
255,403,206,355
245,374,384,351
225,680,312,388
256,447,444,489
331,398,255,422
212,435,315,506
179,335,245,483
242,404,284,367
281,357,326,415
232,390,224,361
368,447,599,406
241,305,420,335
264,1047,420,378
193,334,257,451
264,287,429,838
278,370,273,492
211,737,437,546
415,598,316,451
351,546,295,438
189,780,313,736
263,766,309,586
274,836,387,413
188,369,819,445
247,660,382,396
247,379,314,494
250,462,798,544
231,332,339,296
306,854,209,336
200,455,238,400
239,336,959,414
320,333,397,529
308,465,317,354
425,651,152,815
259,482,282,428
304,447,428,375
325,266,302,312
209,466,297,553
301,278,384,338
287,833,253,1010
188,519,430,272
238,315,278,251
394,357,284,657
419,313,305,377
300,443,444,513
408,510,397,594
369,784,615,274
264,357,322,526
287,606,387,343
389,530,310,387
215,376,382,443
259,224,380,278
616,302,218,194
308,367,391,286
368,909,281,291
386,322,609,612
430,524,320,326
388,606,249,435
347,437,579,223
658,278,266,460
403,481,315,339
280,523,731,426
412,367,413,454
580,388,312,342
342,522,734,665
189,589,272,240
209,297,277,390
194,436,337,531
292,376,508,205
396,301,225,515
183,566,255,360
187,1227,418,441
549,434,475,604
241,391,410,391
428,271,284,364
269,295,775,371
356,333,272,347
355,574,287,721
193,577,341,425
234,504,482,424
209,333,261,335
395,444,248,400
274,576,269,501
399,373,252,550
223,469,348,353
336,882,242,434
263,687,291,583
258,335,547,397
218,516,275,437
240,255,228,388
293,564,289,758
710,510,497,532
271,775,365,499
337,430,298,464
371,504,339,261
247,370,634,210
260,210,380,370
243,332,288,403
426,501,448,285
303,295,347,479
672,349,245,517
235,457,503,365
271,373,235,305
530,266,230,467
388,312,340,337
162,488,370,351
337,409,597,356
374,439,374,421
312,683,267,370
334,400,195,332
225,410,592,351
292,471,246,553
347,682,391,413
289,557,425,607
449,435,227,473
225,507,427,1143
290,528,339,353
245,388,246,399
358,357,325,401
189,409,301,587
249,379,406,582
421,529,437,244
312,411,338,477
270,280,232,273
236,377,254,257
684,394,538,341
340,428,191,683
166,388,441,814
370,388,153,386
364,300,371,306
302,246,184,492
337,482,338,582
179,431,402,334
395,574,335,478
272,375,811,357
201,622,376,282
370,554,344,305
431,296,203,621
653,291,148,312
596,475,264,237
427,852,171,342
362,319,406,394
488,349,282,511
317,409,345,383
292,247,316,416
268,707,388,239
293,451,480,373
291,416,153,605
495,624,450,379
275,516,280,526
168,376,491,320
403,786,254,429
251,481,213,447
269,621,248,442
315,547,366,553
200,459,311,504
272,802,537,332
331,292,224,286
273,353,366,350
349,583,269,315
299,382,597,386
265,706,284,641
344,416,303,207
260,318,251,312
351,302,315,309
188,519,416,465
319,1203,661,530
398,269,390,258
319,391,400,763
242,519,245,579
294,541,274,594
195,339,245,691
333,522,350,268
263,807,365,601
430,461,245,298
473,459,452,326
348,473,332,768
242,1049,428,454
354,527,516,786
221,390,287,359
550,716,350,477
497,275,456,406
205,372,427,464
468,359,326,309
193,308,248,472
290,432,589,341
371,646,252,264
330,373,312,350
291,485,313,609
215,307,284,422
328,411,300,262
331,405,339,300
315,609,461,391
417,324,231,470
248,481,181,414
211,553,342,770
336,447,442,350
357,345,251,459
330,450,359,477
258,349,370,323
258,249,340,463
236,317,316,557
319,635,213,442
376,579,159,351
593,1053,282,437
316,366,337,448
290,531,332,424
346,318,197,429
285,510,389,245
289,839,383,526
321,448,474,654
260,303,280,759
217,339,326,653
376,653,212,366
351,335,343,415
438,511,239,396
319,726,498,273
334,841,246,409
408,592,278,391
352,636,249,439
263,375,395,396
355,275,211,458
183,368,598,272
382,345,446,389
285,446,326,383
340,373,521,407
396,275,337,430
540,597,383,584
256,1272,314,339
349,320,248,481
184,325,260,360
619,460,275,264
373,421,297,389
227,404,420,395
198,608,658,377
310,321,265,385
316,298,388,510
357,403,199,251
271,466,290,330
211,463,426,906
375,428,450,316
229,439,187,596
305,490,676,434
191,437,446,518
208,479,254,361
527,278,544,458
308,465,274,281
343,391,274,697
325,567,660,400
255,773,433,519
314,444,338,502
329,802,782,297
221,279,251,405
403,570,346,341
261,318,426,451
226,529,269,761
423,385,382,489
223,596,391,268
236,419,360,374
240,367,352,551
341,265,256,374
499,398,243,514
367,471,427,453
443,274,367,366
263,338,252,340
313,437,310,334
358,370,302,492
222,447,311,542
274,612,311,885
274,277,238,372
146,383,572,506
207,357,253,337
411,526,333,544
364,355,409,350
318,433,304,478
216,293,159,316
460,531,475,367
145,440,303,674
171,526,440,849
243,450,227,848
206,282,264,326
255,242,340,677
269,537,269,752
262,797,271,243
243,417,360,570
292,1390,270,278
255,404,276,437
190,373,339,428
216,747,250,513
589,545,647,300
191,460,355,430
381,559,401,414
439,355,243,343
399,507,238,473
342,589,349,559
277,342,392,260
350,503,272,320
352,272,278,687
279,287,214,804
154,997,285,298
209,353,227,319
293,532,214,217
161,526,391,469
296,367,386,549
291,266,321,615
307,408,226,457
265,311,309,280
144,363,352,516
262,293,381,401
274,309,283,499
224,292,361,413
474,526,280,1272
313,394,616,556
355,306,474,252
279,322,290,331
580,552,540,469
463,369,245,425
433,381,470,623
241,267,302,322
204,859,441,320
412,1011,231,280
377,493,389,466
226,314,271,515
250,685,445,207
253,427,229,621
257,617,221,385
144,669,316,445
390,509,318,432
181,293,420,702
336,331,438,622
389,594,481,347
574,715,476,399
601,520,330,524
346,633,180,380
382,384,404,267
214,739,221,225
277,453,686,589
289,489,322,584
233,527,281,1160
284,549,345,285
291,579,327,349
287,350,325,422
297,632,573,586
308,628,238,774
286,377,510,335
227,531,216,846
189,863,296,983
573,289,484,543
410,240,411,740
286,333,481,449
202,350,214,454
251,969,190,404
392,482,416,369
315,564,500,337
408,458,363,523
266,346,539,425
375,308,602,412
139,469,383,513
431,470,402,361
268,411,247,505
309,647,367,619
275,588,435,458
234,280,242,471
355,525,345,346
274,303,275,530
391,301,209,213
175,224,344,400
306,409,336,268
374,406,304,485
350,407,770,240
251,231,483,400
298,572,193,360
197,629,256,267
185,437,378,326
224,424,416,336
361,317,257,370
167,507,191,392
319,703,241,293
270,473,266,322
225,291,467,400
403,332,324,1467
238,338,424,390
234,286,297,379
266,505,390,270
238,504,324,302
198,262,388,568
204,374,258,533
383,453,285,314
346,912,238,411
233,387,422,630
240,382,368,659
254,487,420,382
349,306,199,374
376,581,271,716
246,361,264,409
383,452,475,311
276,631,390,476
309,336,251,385
242,930,257,422
212,1635,293,589
299,263,257,225
400,571,329,268
415,735,283,289
343,794,261,644
333,362,304,268
248,398,375,371
322,336,481,281
274,390,352,398
354,313,314,302
227,251,229,247
477,631,334,1097
416,915,247,224
353,718,327,549
176,266,255,328
247,641,282,605
236,450,399,437
518,273,260,942
250,352,262,491
581,632,394,347
421,530,243,333
362,523,406,328
290,434,270,368
227,527,371,317
309,332,304,466
537,252,282,334
329,359,332,568
252,490,315,484
334,486,274,323
369,499,215,523
194,670,341,380
283,754,303,718
305,437,445,571
616,439,522,354
192,448,239,626
369,441,377,614
656,466,357,717
529,446,359,918
203,458,227,253
310,297,355,418
289,468,448,359
251,482,436,259
460,596,206,577
233,288,277,332
297,408,381,449
253,437,449,638
600,575,298,433
272,425,223,377
385,391,488,465
289,640,184,350
172,497,269,488
575,627,237,507
311,842,359,541
154,826,386,385
358,668,287,299
217,321,215,257
178,264,270,852
189,324,205,274
407,424,559,589
400,441,224,480
244,362,234,613
341,445,159,692
461,620,280,397
345,565,252,375
199,706,266,235
258,403,270,573
361,331,303,501
345,595,440,812
230,429,376,596
247,560,284,326
290,263,295,768
178,384,256,280
197,641,278,250
291,1292,490,390
187,326,467,402
434,538,248,258
326,276,306,545
196,961,345,331
236,227,259,402
439,441,398,389
261,276,284,476
252,342,245,393
256,559,310,663
315,274,327,401
246,679,554,559
437,335,405,306
240,587,247,460
338,385,218,517
240,319,472,615
340,600,301,336
199,445,325,498
403,664,247,363
266,672,456,633
269,506,252,365
430,256,244,289
311,628,474,350
241,435,446,371
367,559,429,463
148,297,314,226
241,521,298,425
208,318,359,771
178,485,660,540
234,453,563,261
369,628,422,511
649,426,394,423
217,592,297,287
231,301,225,263
350,375,263,581
281,508,426,282
179,405,348,290
195,297,426,332
522,428,297,352
346,575,404,267
287,655,401,704
245,377,348,310
328,306,527,291
345,269,427,402
441,315,362,517
273,507,506,441
271,356,648,332
354,288,562,356
384,633,488,553
210,319,619,600
282,373,194,322
335,432,366,432
343,628,239,369
359,425,326,237
248,557,326,254
338,564,386,252
214,871,568,619
213,365,371,489
295,255,512,224
223,405,285,284
322,399,307,368
240,919,352,376
190,324,380,427
305,441,610,504
242,201,377,384
285,237,309,197
525,403,244,340
329,411,241,887
241,508,395,336
493,262,697,417
306,391,380,462
164,743,519,420
242,350,239,784
283,237,523,504
459,316,660,439
303,548,293,362
326,265,301,302
451,355,309,501
303,361,247,367
285,428,476,596
233,407,263,283
271,475,616,648
322,340,395,541
245,658,299,974
387,732,316,378
252,415,312,419
295,352,352,1719
392,927,428,516
183,263,288,365
299,374,208,410
208,1270,243,486
460,538,259,336
252,669,308,561
310,245,552,496
271,288,456,253
191,425,232,334
174,219,191,431
199,563,544,259
272,436,237,616
210,436,607,456
208,313,293,450
217,413,331,479
254,503,409,601
241,422,691,317
468,284,218,468
575,402,231,546
251,337,451,274
259,544,322,441
368,450,268,675
364,337,456,269
237,517,248,309
250,465,325,284
208,432,351,346
232,388,379,268
228,306,242,455
248,269,381,402
243,417,319,713
350,546,474,317
552,436,235,275
364,592,294,564
418,545,192,303
272,262,328,1039
260,319,267,403
457,260,348,260
179,758,430,358
456,347,234,312
466,569,729,440
207,340,247,282
245,462,237,827
375,942,242,388
376,281,556,309
278,305,264,592
286,377,399,364
230,362,433,364
307,308,436,380
225,351,270,445
356,435,219,493
332,255,258,507
207,431,380,276
341,592,342,257
254,491,365,591
318,329,348,174
446,456,448,380
366,1062,315,294
235,300,229,261
221,439,221,407
408,467,330,447
194,620,248,267
279,343,305,605
214,414,247,351
236,357,364,344
240,459,318,361
324,325,563,620
204,306,157,432
415,374,464,465
203,964,284,285
135,310,404,552
365,569,229,355
157,887,269,918
274,332,363,548
283,306,278,685
266,267,429,377
514,1168,284,443
284,652,469,388
365,678,292,286
280,566,360,534
351,268,314,223
335,290,274,903
251,405,238,621
270,306,327,501
388,431,278,499
172,681,470,319
154,603,481,254
222,498,202,642
318,310,496,200
260,253,289,524
286,623,343,372
287,397,361,928
286,472,231,615
254,390,300,366
191,357,421,324
589,391,414,536
259,520,275,660
256,366,322,378
271,563,327,373
264,398,256,469
393,336,394,419
318,445,559,783
209,526,310,265
325,828,394,514
223,648,441,495
326,684,275,824
708,311,338,784
201,380,317,292
266,246,291,471
174,363,286,291
218,292,309,845
519,674,323,256
240,302,502,619
349,370,380,440
342,299,443,370
238,680,306,324
447,430,223,526
320,356,612,700
450,513,340,399
204,356,211,278
295,375,661,303
362,320,151,459
351,393,520,263
335,455,320,784
308,476,248,342
280,286,393,628
360,321,446,640
328,317,445,416
478,271,329,495
489,489,416,276
263,547,260,427
262,273,431,327
268,246,284,294
249,452,168,339
169,597,259,455
337,685,272,335
314,410,322,434
189,643,337,437
217,283,363,548
321,364,256,362
323,486,294,532
389,353,252,274
380,1081,393,427
204,385,537,537
187,370,239,321
279,593,225,444
275,316,347,642
339,466,533,306
285,317,545,391
320,482,557,486
359,420,414,649
345,301,233,339
204,746,284,253
322,205,408,355
281,316,436,614
361,476,278,335
143,325,278,320
447,258,275,381
191,408,298,329
392,400,388,358
309,280,225,575
413,510,245,273
278,673,253,397
369,338,368,490
221,442,286,236
469,277,319,347
253,916,322,391
377,782,241,289
168,433,298,396
231,286,283,331
220,295,371,363
210,910,347,402
246,867,239,485
317,260,228,604
150,291,253,399
286,417,512,346
304,324,322,506
362,386,291,221
394,493,594,410
294,358,232,564
277,435,218,360
358,433,240,328
276,295,301,345
330,642,196,435
212,506,397,637
284,285,430,651
388,480,425,406
247,260,327,470
519,390,273,345
344,417,303,575
176,390,346,408
247,555,586,447
229,391,243,890
358,182,574,532
232,573,354,466
194,360,236,384
327,345,260,301
307,437,409,594
485,572,226,670
205,234,197,273
129,546,214,542
335,358,256,524
319,313,224,814
252,367,428,245
279,695,236,383
684,377,327,385
255,365,485,270
364,298,284,418
245,320,465,499
457,265,350,417
250,233,183,503
152,378,426,315
631,1019,513,367
315,337,222,689
378,306,469,455
359,477,185,413
260,382,349,786
268,445,338,569
330,327,260,278
282,256,354,337
409,334,297,423
261,490,436,178
670,339,239,332
200,323,262,328
307,461,380,430
305,453,243,574
194,559,342,555
280,479,267,306
261,647,249,432
220,1088,204,366
255,246,427,320
473,448,361,483
278,471,380,403
662,647,267,589
249,419,282,800
247,289,241,343
451,364,365,378
261,350,263,371
348,458,265,459
275,338,365,412
260,619,582,459
150,588,640,473
223,557,327,484
190,344,376,360
332,294,638,241
324,365,266,942
330,236,252,326
233,396,488,327
284,593,282,311
191,360,375,600
248,374,294,650
308,877,258,284
361,312,296,353
274,493,327,364
283,337,318,488
246,334,296,400
333,369,326,376
405,434,270,448
244,265,401,187
254,1131,288,398
353,411,286,253
325,368,656,443
398,642,625,427
164,438,429,591
359,703,621,251
356,642,217,357
218,742,563,462
319,555,406,385
204,380,361,644
263,963,404,278
252,746,218,575
345,886,321,399
342,523,250,368
234,342,252,443
202,771,321,318
327,393,499,392
459,331,310,327
235,503,365,429
233,518,200,168
300,405,364,695
348,433,279,463
365,524,299,591
282,450,409,604
408,430,435,354
240,417,435,855
288,462,458,556
240,442,293,424
231,545,392,283
254,524,436,533
266,504,375,351
284,287,264,467
313,441,274,272
175,333,240,314
219,371,372,884
323,267,278,400
405,582,321,323
399,376,342,241
250,464,335,396
291,319,305,324
317,331,258,256
194,753,220,215
506,570,310,448
249,287,354,448
232,334,305,355
416,354,341,335
520,990,404,652
367,361,268,508
271,441,491,287
293,247,327,399
389,508,242,671
393,594,454,424
404,319,239,368
357,649,301,298
200,632,265,428
374,655,245,405
411,284,317,425
410,753,234,330
308,503,299,439
319,416,471,328
474,345,208,405
212,723,248,376
283,418,240,308
267,400,354,395
206,395,359,509
241,411,263,384
336,727,252,242
391,389,331,236
270,445,438,514
228,272,353,334
267,822,547,773
214,426,255,461
361,338,238,731
392,280,155,729
237,716,438,302
332,428,292,255
245,421,192,472
195,783,363,468
225,392,426,452
311,460,359,356
231,403,353,407
301,471,488,399
250,356,246,300
577,684,385,342
221,316,346,341
180,681,260,591
279,290,538,553
338,198,293,497
147,358,335,272
636,499,296,458
303,1544,449,549
267,281,343,206
211,402,329,245
214,361,304,426
427,573,487,406
358,458,149,582
173,495,552,351
238,268,297,1361
186,498,492,423
284,501,336,289
334,365,346,309
227,319,365,842
245,307,247,575
410,637,268,315
207,358,499,277
186,483,279,306
230,238,367,448
287,364,345,349
188,536,387,508
493,472,430,333
307,481,320,477
289,541,447,340
168,640,451,466
306,598,282,393
409,425,493,676
484,359,274,723
510,311,352,203
206,472,261,347
400,1034,286,400
345,364,361,219
261,520,178,712
309,345,269,293
313,326,363,313
206,358,276,500
390,340,377,448
253,308,222,359
340,852,424,442
267,246,290,352
300,493,228,692
245,495,407,330
225,647,227,525
293,438,573,599
199,403,625,842
290,341,439,372
343,296,335,508
589,419,289,489
277,339,222,424
344,337,478,712
185,490,283,295
224,476,265,643
213,923,216,278
264,438,405,496
351,318,320,328
293,373,437,376
295,294,187,343
322,229,427,402
228,548,265,237
207,504,336,289
276,361,521,528
479,468,349,380
376,268,327,407
322,357,288,302
330,455,206,381
174,532,260,345
224,489,290,594
286,555,368,204
173,264,324,341
258,358,336,437
260,592,270,469
218,399,287,538
267,375,585,337
235,422,248,443
275,309,192,322
243,399,285,448
685,631,305,352
595,287,415,385
338,435,283,381
377,384,250,304
217,870,309,331
186,249,537,899
258,259,243,282
381,463,319,488
223,606,283,450
268,394,665,571
277,559,367,432
173,469,448,501
239,391,398,330
326,347,352,352
526,402,194,301
571,417,363,303
244,584,314,260
310,866,413,308
290,502,354,390
266,687,352,273
333,352,388,477
373,354,317,231
287,300,309,315
308,416,419,554
325,661,263,431
338,740,461,397
235,606,356,468
293,327,580,326
238,230,408,520
504,520,284,360
326,322,417,471
245,356,320,507
278,486,303,415
349,420,297,485
265,400,297,793
180,316,315,596
406,286,232,531
420,668,246,480
377,774,444,350
331,713,379,397
222,395,471,314
297,416,313,332
191,277,174,384
338,659,463,409
247,329,505,569
311,769,766,410
332,517,302,601
173,785,251,290
431,294,254,339
209,424,425,832
245,847,275,420
271,381,371,311
153,266,429,413
432,350,452,328
245,444,361,378
329,637,349,451
271,573,430,383
417,473,410,494
256,433,492,359
352,564,435,505
239,731,486,417
257,294,650,397
166,458,226,460
275,500,292,230
340,441,423,412
284,254,454,464
316,496,337,639
167,259,369,560
308,375,562,506
197,323,220,297
295,248,645,450
267,355,220,515
181,460,320,311
341,486,401,493
179,520,214,368
239,374,479,335
318,649,295,474
418,397,525,590
537,321,514,378
147,417,578,769
366,450,307,433
320,339,319,434
224,622,295,843
360,364,286,406
274,387,322,304
334,334,240,521
282,333,347,330
296,559,299,286
201,455,251,235
233,463,490,662
299,322,333,581
306,466,438,484
265,308,326,360
237,407,615,366
354,565,372,343
224,345,247,346
171,592,436,266
302,392,465,177
266,349,279,419
206,298,225,359
226,454,359,404
266,328,225,220
242,257,186,323
251,234,330,723
361,258,285,703
260,245,420,442
339,616,287,691
217,249,201,294
437,372,600,545
337,336,401,249
299,841,295,305
235,268,431,428
239,524,266,455
345,329,366,189
625,321,212,526
265,349,257,368
242,373,298,289
416,488,699,478
397,364,486,408
299,641,394,361
269,373,374,478
251,421,342,487
253,354,350,241
254,518,389,305
212,431,517,403
252,553,358,294
277,366,219,268
267,653,306,720
305,247,257,295
166,631,489,281
201,664,416,924
296,386,410,470
200,813,422,407
349,317,318,408
551,359,239,338
312,425,312,643
458,364,554,445
251,435,603,528
251,373,369,425
638,466,397,668
474,231,516,262
239,225,384,360
324,663,336,406
287,475,357,409
272,462,790,391
235,268,431,369
269,328,401,446
219,390,329,543
302,1145,247,250
312,307,291,464
283,616,270,502
401,391,236,235
449,395,311,277
241,571,291,472
205,386,269,299
330,294,275,278
367,311,283,231
209,435,420,218
235,454,319,299
191,356,222,483
226,767,199,665
276,344,245,463
232,373,440,435
258,369,293,306
524,433,229,811
491,856,382,404
366,276,245,502
365,323,489,376
261,431,488,287
266,599,194,294
354,1222,349,724
233,495,203,231
315,448,346,295
176,457,593,388
318,281,322,599
355,229,219,374
471,346,260,396
273,375,344,241
347,379,359,546
323,519,418,489
256,379,518,563
183,709,306,546
467,593,241,575
299,288,292,342
272,285,249,263
280,284,286,528
297,362,279,270
256,345,254,319
279,354,237,288
287,835,293,417
363,340,232,504
254,494,296,314
265,282,280,354
226,385,307,259
258,315,305,271
460,575,419,346
287,279,492,359
331,654,408,263
244,317,263,579
288,367,239,655
249,592,237,296
418,271,370,751
186,281,244,442
278,468,340,499
326,539,382,522
294,504,408,434
374,974,336,526
316,326,309,373
256,380,349,381
385,673,307,363
340,302,448,546
257,325,274,322
237,1063,271,374
279,398,271,208
239,387,474,422
219,317,513,275
456,309,460,804
303,472,329,499
271,738,340,734
206,296,417,384
282,345,372,322
284,326,367,430
337,537,305,334
366,301,244,609
235,541,228,506
433,424,442,518
264,410,653,424
459,337,381,375
130,565,402,505
218,324,703,243
419,287,487,388
312,551,470,387
350,387,321,327
332,394,304,338
275,446,282,416
412,858,431,461
242,379,234,634
212,301,395,457
265,261,251,413
198,324,293,386
184,554,226,340
282,388,343,297
214,373,226,398
222,544,470,345
287,297,263,288
309,549,309,453
435,356,583,355
164,427,663,638
249,596,326,437
193,333,275,518
376,704,215,669
257,417,533,368
254,264,369,262
180,834,360,333
270,452,325,578
298,540,459,348
199,535,252,578
388,512,478,504
313,386,314,514
379,516,327,448
478,236,339,532
241,444,341,1316
281,756,254,354
304,349,377,233
208,582,423,377
386,253,487,415
299,336,464,595
359,726,273,267
380,495,264,786
353,519,312,571
221,377,323,666
244,338,291,334
336,293,204,802
230,346,247,744
167,456,225,579
269,414,264,635
232,949,343,306
340,448,262,877
366,437,411,399
135,492,295,482
300,614,197,479
272,308,743,261
408,330,332,446
205,532,448,256
247,351,402,410
204,263,490,426
171,336,360,332
425,585,448,190
283,268,197,307
583,508,273,482
247,265,185,477
261,189,210,579
267,409,306,380
288,888,344,453
262,316,364,282
233,542,490,315
176,581,382,1049
276,379,357,232
249,508,244,524
250,609,382,277
330,356,382,323
324,274,485,392
221,406,261,375
310,300,392,490
275,476,385,637
335,369,250,255
229,327,477,421
197,516,155,337
364,382,443,392
299,313,259,397
331,323,382,405
288,304,373,385
229,370,308,292
361,515,415,359
229,287,406,255
443,428,383,264
367,367,198,378
372,543,390,484
214,405,301,610
206,334,262,579
137,448,274,504
306,285,453,375
279,251,250,470
349,731,464,270
379,494,380,359
276,321,319,337
256,480,181,431
228,547,331,371
261,469,277,302
228,824,520,572
279,432,420,393
301,521,383,351
222,256,274,398
157,391,324,590
202,449,281,276
390,309,386,260
241,553,688,340
227,849,467,609
220,523,322,395
372,483,344,342
371,425,224,847
255,559,344,554
409,474,361,458
199,361,534,605
250,398,283,332
211,496,474,295
260,721,293,300
277,622,402,616
151,435,440,370
331,804,308,327
241,232,471,388
174,542,263,372
373,733,268,246
173,294,316,352
520,305,559,611
172,1046,283,275
236,531,265,629
186,366,265,451
263,342,404,467
247,1082,474,471
321,666,288,452
250,353,301,231
501,454,609,544
289,488,465,331
259,475,375,541
241,561,350,442
271,385,332,365
402,818,157,539
460,335,407,318
195,296,357,526
179,337,278,388
211,505,286,272
460,655,245,338
503,935,770,441
162,599,326,220
156,567,355,362
279,487,378,580
218,744,230,365
324,467,329,348
358,366,610,492
544,578,291,670
262,257,391,653
416,314,272,262
340,477,420,317
330,322,248,459
353,544,409,384
345,393,294,534
305,228,375,541
255,342,283,295
237,425,342,449
180,428,216,336
220,692,214,284
239,840,264,379
196,489,357,303
440,680,355,257
216,296,282,607
334,348,539,222
141,223,408,633
639,381,258,227
523,460,500,320
299,585,376,278
358,398,484,563
265,572,347,490
341,465,377,344
419,487,269,357
283,500,362,304
270,1376,448,319
146,184,415,314
337,379,510,235
346,329,321,405
215,419,268,341
313,367,264,319
447,623,286,340
311,378,560,287
327,448,219,366
319,273,374,432
469,704,432,628
383,749,425,562
192,456,184,751
454,289,495,455
206,818,244,464
219,697,368,294
193,618,412,371
323,531,393,410
329,284,395,820
383,308,214,746
324,343,322,458
218,257,274,521
325,340,560,254
271,445,236,421
252,240,375,375
647,417,476,441
271,353,372,328
375,738,762,534
277,344,536,924
235,754,305,417
345,388,312,301
450,428,205,369
157,363,228,458
270,644,345,286
331,754,240,472
226,677,354,211
235,208,362,560
254,392,230,477
190,915,219,356
329,455,311,463
242,497,269,253
255,458,260,673
243,411,292,513
317,523,545,460
170,388,399,499
206,692,547,433
527,383,310,644
257,696,307,452
357,687,266,378
239,264,340,430
287,567,378,541
240,467,536,510
229,323,193,304
376,334,320,530
392,294,203,380
343,359,512,427
158,864,404,423
196,445,349,932
300,308,340,335
269,393,418,303
655,559,244,297
376,567,425,400
239,609,409,347
192,421,422,289
240,249,346,425
197,662,240,228
371,258,850,320
356,420,430,645
242,315,415,1040
310,304,360,574
337,440,233,848
329,515,373,240
442,579,267,901
133,350,437,409
280,592,355,377
252,425,267,385
242,865,221,353
299,374,273,264
400,269,370,363
240,208,459,367
199,330,274,481
340,280,379,417
252,476,280,261
213,437,289,605
248,322,205,533
180,787,166,384
278,683,479,365
267,452,356,464
295,270,270,334
181,394,535,396
502,346,322,317
296,453,632,274
198,394,243,505
238,592,398,421
293,303,551,492
224,743,564,295
340,534,738,281
278,497,340,353
550,368,292,209
251,487,322,365
375,310,365,470
212,532,336,396
260,347,318,324
367,305,216,212
258,462,246,488
214,885,420,323
289,352,305,369
320,345,328,283
241,376,265,399
273,938,234,271
377,500,367,586
372,253,485,404
363,452,349,725
539,638,317,408
265,530,432,306
220,634,498,492
347,631,214,362
165,428,492,664
252,482,209,463
634,414,521,291
400,559,195,557
218,378,543,364
290,1116,327,254
328,657,274,399
325,578,295,302
275,556,424,390
353,471,264,262
465,639,248,242
487,309,510,545
279,757,317,330
351,454,269,672
369,352,310,514
250,524,264,425
206,287,305,307
317,342,268,667
310,498,249,601
227,494,342,291
348,721,319,507
320,404,329,535
271,297,372,731
343,210,152,572
284,434,377,344
319,247,305,405
235,359,282,384
491,257,249,345
194,273,513,473
396,564,322,395
242,476,360,486
380,296,277,656
258,601,432,358
271,278,238,472
339,316,294,390
294,440,307,394
332,374,266,204
263,692,285,267
204,358,218,473
235,371,279,365
254,370,345,268
420,207,305,578
286,355,273,213
381,384,324,379
384,320,345,340
265,289,315,691
238,355,293,582
279,413,395,522
415,382,193,238
195,302,324,635
289,515,693,934
255,340,209,278
219,826,352,375
498,387,429,227
218,463,169,677
294,187,241,286
327,544,277,213
293,257,471,488
340,475,249,280
412,315,242,356
273,280,565,413
226,820,437,212
223,418,298,390
276,305,427,671
278,275,361,381
255,632,426,414
339,832,195,804
291,236,233,358
643,393,286,439
264,352,280,310
338,514,359,312
212,900,357,837
200,411,257,631
219,310,563,328
257,214,277,332
171,823,280,620
260,977,509,427
383,269,252,330
313,328,300,513
270,412,377,281
264,336,370,307
433,647,280,200
407,289,280,1039
251,266,245,267
341,546,282,280
389,585,231,584
424,518,366,437
535,352,187,239
256,256,311,417
231,449,255,505
307,438,400,331
218,516,335,683
252,343,397,472
404,305,347,364
441,296,239,480
464,327,388,436
439,413,473,459
250,573,286,295
148,641,391,459
388,302,303,355
398,240,466,432
199,705,295,400
196,465,445,316
234,405,638,477
378,283,249,387
215,507,286,453
160,259,257,627
275,719,246,425
296,500,334,307
382,706,268,402
189,406,307,419
332,373,270,307
172,605,491,413
239,425,356,413
299,494,492,475
342,529,314,329
215,525,426,523
315,698,477,398
343,504,330,438
292,321,403,407
236,603,395,331
320,413,413,477
248,470,260,471
365,340,178,343
221,476,218,742
241,607,371,565
166,325,416,646
248,408,276,361
218,386,497,351
292,459,294,646
214,354,266,321
266,407,441,742
359,326,230,791
234,690,392,270
273,1092,207,612
370,416,264,409
329,448,228,606
356,609,261,407
246,514,250,509
343,809,242,354
150,364,302,792
235,290,948,572
336,342,362,424
221,386,326,296
325,421,283,331
183,382,203,341
237,462,205,393
276,269,481,1090
469,331,385,425
373,534,313,390
311,441,275,245
285,489,344,265
324,264,297,229
327,347,297,316
394,388,207,522
457,867,315,528
277,365,284,501
260,423,257,561
363,835,403,691
164,383,314,431
225,394,288,441
496,377,322,705
332,501,362,622
621,414,249,394
219,401,311,393
395,402,220,432
290,776,296,336
607,292,327,455
389,522,200,441
275,693,290,597
366,479,405,356
193,453,389,432
321,360,329,846
152,625,261,284
206,527,405,345
229,595,195,339
158,336,290,1009
284,523,449,664
381,435,331,507
367,289,223,820
327,329,452,332
251,358,512,462
464,342,232,386
284,411,321,383
405,254,505,358
205,346,361,417
265,566,364,510
284,291,299,456
290,459,286,227
266,331,356,459
224,607,339,491
276,299,345,351
360,328,552,373
170,279,326,515
652,375,414,711
295,663,456,315
257,394,204,318
354,701,297,565
398,353,337,426
398,213,260,455
311,558,232,469
252,318,256,568
230,392,511,231
240,511,331,740
342,585,287,445
225,353,306,695
240,413,336,649
278,543,292,779
234,455,345,381
312,834,718,559
302,622,293,486
266,448,351,297
394,525,417,361
363,302,310,327
188,369,280,454
317,826,522,541
256,715,214,350
423,256,286,705
226,415,170,504
247,541,501,378
250,291,344,499
274,446,270,320
347,256,388,265
315,694,264,875
259,431,376,392
342,685,411,261
387,440,511,502
346,303,310,650
190,633,490,324
229,329,223,359
224,251,253,366
348,348,322,407
399,892,259,330
652,597,188,552
496,475,293,345
200,819,359,368
260,215,259,491
250,363,209,241
319,578,438,368
240,385,355,620
253,362,204,483
369,507,399,377
211,317,202,281
255,459,443,507
240,1123,263,320
200,987,441,377
292,390,465,496
336,464,274,260
262,265,326,332
373,377,334,533
307,308,240,515
277,265,252,415
230,297,446,281
285,460,315,370
465,710,187,446
202,324,360,429
223,394,427,519
214,283,533,394
261,565,259,465
313,479,371,362
277,363,270,671
191,361,334,220
258,389,388,401
225,630,561,930
286,376,513,603
269,643,539,406
554,577,318,678
354,435,459,493
261,292,709,332
339,725,306,340
227,538,301,339
412,670,251,613
523,283,198,378
388,420,422,233
302,473,344,310
212,304,616,523
492,308,169,507
284,239,257,469
298,374,267,319
299,525,418,760
427,320,273,707
175,555,207,354
270,342,344,471
270,261,457,590
402,378,371,436
401,316,322,1298
478,727,505,349
181,382,287,373
393,613,351,486
223,624,248,427
535,596,325,356
342,580,321,803
363,502,234,319
295,228,191,250
254,905,207,559
166,563,334,266
408,601,321,327
284,421,241,496
268,354,394,456
328,290,280,338
341,604,452,545
367,578,203,595
445,565,287,632
452,275,686,357
357,374,306,353
185,377,376,404
250,626,519,509
394,910,407,345
349,318,222,546
274,549,347,368
327,922,326,254
400,285,319,276
327,409,264,393
392,481,416,261
357,533,337,724
212,296,423,504
232,433,443,538
262,452,277,803
337,434,551,543
200,379,365,549
403,358,268,334
507,458,235,529
463,264,254,405
175,518,400,452
251,372,231,433
222,496,434,616
347,353,424,309
308,286,227,431
242,291,398,463
337,440,241,465
264,680,418,306
400,1226,246,372
256,322,267,644
271,385,416,421
212,365,279,457
239,615,414,288
273,555,397,406
159,393,395,817
287,796,557,875
221,762,431,425
275,439,757,393
391,363,266,262
243,465,145,542
306,609,449,375
472,753,398,429
333,575,323,338
255,297,360,478
310,415,467,554
348,504,329,496
393,914,220,304
246,533,439,324
285,477,361,381
228,372,280,329
324,356,312,395
157,472,472,392
256,510,362,466
270,428,416,573
348,664,282,611
164,467,370,359
274,612,583,292
228,340,252,300
301,458,221,491
564,451,404,627
157,437,456,469
320,451,337,308
181,778,335,410
198,328,825,311
269,467,348,803
377,959,279,452
221,268,321,503
250,350,277,553
251,527,257,314
326,354,269,377
400,749,416,276
322,389,487,475
328,299,483,522
240,598,337,445
206,210,383,252
514,231,279,470
345,341,450,415
249,241,274,545
194,439,213,421
285,318,282,368
241,371,326,259
329,241,425,283
251,632,372,605
259,248,233,411
359,392,236,406
280,576,202,732
371,320,323,266
318,506,303,630
658,602,268,568
548,533,356,408
315,795,237,292
435,456,488,467
290,384,175,470
247,468,298,337
178,383,262,400
518,356,272,302
260,293,249,301
347,557,362,314
199,386,353,249
328,557,266,417
254,257,269,529
310,358,304,316
228,495,323,345
409,397,296,309
254,658,282,265
259,616,229,561
501,309,218,243
246,237,463,259
365,262,525,254
261,677,429,383
558,531,319,568
181,591,172,448
229,388,223,378
229,688,431,601
444,523,215,520
197,429,422,410
177,398,256,638
361,362,335,851
533,232,280,450
296,542,727,437
267,787,390,500
278,385,572,263
216,249,351,452
332,524,259,375
349,367,469,423
341,351,590,399
340,492,531,429
320,804,327,546
278,365,317,600
303,379,407,281
345,255,353,540
230,454,475,579
281,575,291,684
281,800,310,432
196,996,230,748
277,411,356,338
330,396,222,468
664,577,479,326
406,532,423,317
314,527,368,216
339,393,286,569
192,317,347,377
284,307,217,505
442,456,278,366
300,282,421,274
289,435,307,326
565,407,358,657
238,767,356,488
514,586,350,432
267,256,358,299
275,228,237,302
187,397,385,525
257,298,572,789
393,657,353,513
348,1068,281,352
194,377,257,293
298,876,330,727
237,795,458,299
208,413,302,385
241,419,466,491
297,621,273,294
267,487,395,654
268,448,417,279
308,689,305,377
285,325,238,327
181,577,264,499
283,1149,239,642
237,319,216,421
407,303,236,965
227,714,238,472
222,337,389,310
186,611,241,691
200,394,330,510
319,640,329,331
344,448,393,431
263,242,358,501
234,476,278,286
335,256,374,406
213,405,284,355
256,578,282,352
266,345,228,224
382,375,639,471
210,430,376,269
336,258,210,1033
308,292,328,580
306,833,201,590
369,382,388,468
310,362,256,263
469,290,424,333
197,595,361,729
301,477,198,511
289,293,245,544
281,302,302,363
381,272,270,262
403,255,328,700
461,347,355,430
255,357,648,412
200,561,376,353
282,311,338,338
204,687,259,400
254,404,497,776
355,401,511,446
423,330,353,468
365,344,294,286
342,287,284,256
322,531,500,414
259,355,352,453
206,524,276,315
413,476,469,378
267,377,382,291
164,307,391,396
369,493,337,429
265,449,334,489
232,1106,260,339
291,681,332,414
232,482,269,406
414,363,246,359
259,661,320,705
395,767,400,652
291,609,376,647
381,420,266,317
244,375,260,444
297,680,458,383
240,672,394,426
169,262,298,418
329,477,633,383
186,618,200,613
232,273,347,286
336,324,487,331
259,513,310,770
374,309,419,280
308,419,214,496
239,433,232,389
282,327,310,513
333,421,307,665
333,1003,335,535
141,630,251,488
294,649,557,373
585,543,294,443
237,380,274,324
261,274,455,425
209,926,516,442
270,292,397,620
259,329,449,561
385,526,635,465
231,477,493,504
178,552,337,525
515,395,429,321
340,413,297,295
279,428,291,503
274,491,288,331
276,352,399,433
334,651,178,512
313,487,311,287
156,311,204,234
144,242,250,640
374,496,336,442
194,495,368,322
313,464,372,408
534,285,292,510
462,391,277,1079
478,307,570,395
462,265,212,329
248,1087,445,428
212,343,514,316
380,962,367,429
241,284,457,453
231,550,294,672
296,287,247,544
381,315,253,335
212,753,258,700
332,311,365,419
374,264,243,415
192,661,382,352
413,679,491,612
135,706,530,491
303,445,363,626
234,533,230,400
329,393,444,408
586,308,255,389
325,339,406,282
418,541,358,319
600,905,264,599
228,669,330,408
211,516,251,465
259,399,331,480
253,310,346,407
201,441,264,671
505,287,288,411
209,476,506,318
388,362,170,214
357,618,453,503
413,484,232,355
161,344,377,409
176,338,293,459
335,280,399,1010
350,461,266,576
312,292,235,293
252,416,324,642
279,368,256,321
372,267,523,233
245,392,344,305
508,550,224,229
250,602,277,451
383,634,291,443
271,369,516,325
226,800,248,231
432,314,317,236
202,230,452,650
300,337,236,285
229,507,439,506
435,276,324,509
299,398,219,329
242,733,320,541
303,496,374,272
295,713,273,315
197,454,249,291
447,312,394,467
260,316,424,365
316,255,266,562
352,281,291,249
256,450,205,504
228,553,574,1216
400,685,374,470
287,780,513,340
222,326,253,469
242,345,407,386
193,328,247,711
310,916,331,761
251,273,259,581
212,319,268,360
267,387,406,464
223,703,382,531
305,766,365,591
332,455,234,490
217,446,473,373
281,353,404,382
112,371,320,337
338,898,313,215
309,546,403,306
377,408,405,511
452,237,418,667
272,221,358,313
257,394,197,338
332,522,258,622
286,409,243,243
327,334,388,292
291,270,166,390
352,389,266,534
242,376,420,431
198,245,221,260
249,259,411,300
433,736,240,453
290,329,254,529
187,295,277,601
401,431,465,408
352,400,242,324
187,280,424,344
410,415,398,365
268,366,491,215
396,705,297,379
317,869,241,278
240,499,312,503
296,458,236,591
314,321,276,547
260,849,263,384
373,325,304,275
187,427,272,433
296,645,388,509
373,271,782,518
306,479,357,523
399,625,347,355
373,404,288,302
288,463,315,388
236,309,211,375
535,253,237,502
379,318,347,387
271,287,395,470
460,476,323,372
365,183,564,441
214,429,509,643
383,415,334,351
351,496,237,353
241,585,317,392
304,456,299,483
237,555,359,266
275,328,567,245
328,653,500,306
284,320,465,327
246,768,324,384
300,326,644,635
375,556,294,292
209,197,234,432
188,334,189,517
264,417,390,349
699,406,455,304
220,771,304,283
272,570,368,609
218,343,268,320
253,549,479,269
763,347,324,344
334,488,361,301
466,358,282,292
270,557,359,426
201,917,275,353
314,903,361,240
358,450,343,370
501,516,467,366
307,488,699,409
322,426,200,711
378,289,300,268
282,584,536,304
306,351,393,247
209,430,337,641
197,611,250,300
315,370,279,439
303,390,382,404
241,316,402,348
274,519,413,557
238,563,346,282
407,370,488,435
202,391,271,1128
267,417,293,396
394,500,244,475
293,400,272,394
320,320,342,339
217,468,542,504
260,343,507,588
317,471,372,558
258,325,303,871
171,446,567,518
253,404,319,1156
142,372,445,975
456,831,210,245
215,478,474,417
666,359,351,494
289,371,310,459
348,395,358,351
195,391,348,331
321,425,325,449
358,354,323,376
181,325,390,382
270,340,473,479
276,583,345,370
227,714,511,526
311,576,354,604
349,426,397,305
229,393,228,508
199,540,301,738
229,349,422,622
279,619,277,553
295,451,252,343
313,1003,326,278
263,484,406,315
227,444,419,352
257,347,454,343
347,322,400,342
346,270,204,519
276,330,522,508
413,324,305,495
188,368,504,333
210,299,511,325
398,472,232,254
467,434,320,751
478,320,277,345
254,503,467,208
333,476,254,423
188,415,308,427
421,497,468,617
298,852,383,265
293,367,233,390
263,279,268,361
259,374,346,581
200,270,322,346
314,570,338,350
288,356,842,601
402,354,311,337
473,410,294,377
183,533,195,303
253,393,279,458
252,520,229,331
292,443,408,513
464,405,301,363
315,540,233,475
305,727,266,461
288,389,283,608
240,455,284,395
258,351,377,394
201,298,429,489
313,540,369,285
343,503,396,983
368,502,418,483
424,394,264,406
498,455,442,538
387,574,368,515
326,536,339,412
339,597,264,395
382,397,302,605
481,740,383,382
258,506,356,303
222,456,432,366
323,400,174,223
158,562,509,850
253,349,367,396
539,344,325,318
444,556,261,441
220,576,297,494
328,334,196,327
397,336,279,825
257,564,236,445
234,510,242,302
224,386,309,380
332,681,462,472
374,294,366,422
190,323,263,351
289,301,394,239
298,295,322,239
195,355,375,723
343,393,383,334
220,655,278,604
179,307,327,1070
314,491,410,318
175,229,388,453
194,319,233,324
265,468,336,420
172,329,357,388
393,319,473,642
233,538,380,508
345,765,314,372
226,395,265,328
232,666,324,316
238,327,366,599
379,406,318,624
225,236,547,384
258,553,331,571
156,320,246,506
467,615,253,402
340,492,221,231
221,177,286,263
252,262,289,879
271,345,500,395
287,1214,255,860
341,714,243,459
389,667,433,453
383,715,477,247
208,615,238,343
301,773,374,339
234,459,479,831
292,521,255,512
366,378,371,427
411,358,272,446
438,226,502,273
277,526,333,510
245,1187,328,371
357,521,399,408
257,309,240,933
226,611,360,397
378,559,413,478
500,323,711,233
210,344,207,392
281,469,319,808
345,313,341,263
190,701,227,330
244,432,328,335
244,454,244,491
514,454,190,373
295,492,506,343
278,435,269,420
366,411,225,187
188,227,290,406
185,404,319,410
199,642,216,283
258,400,332,248
157,321,240,314
153,317,415,347
254,250,414,714
281,607,257,472
403,432,475,452
293,353,275,475
265,324,379,348
230,230,374,290
321,381,478,281
248,373,343,266
384,408,306,351
235,367,337,410
331,239,309,371
281,275,353,362
208,360,293,759
544,400,322,200
345,590,249,547
308,378,378,495
244,548,394,611
412,353,343,442
199,400,454,465
345,793,407,639
216,358,244,297
530,340,341,523
342,362,478,407
413,562,359,284
221,461,479,881
242,535,403,365
283,396,382,396
377,465,306,383
277,236,244,561
240,290,272,500
225,774,251,359
270,365,232,338
265,315,251,269
257,1043,308,624
400,983,700,317
318,561,280,626
534,436,314,566
205,403,218,574
248,623,362,523
318,580,241,680
231,312,265,392
223,495,378,417
510,485,584,317
238,492,408,352
255,382,305,457
309,456,256,416
361,465,399,468
429,357,280,283
251,268,255,497
562,492,298,429
244,563,318,342
222,369,199,486
300,542,285,609
521,377,232,547
291,660,382,626
344,285,356,614
406,940,330,403
284,479,228,379
489,395,225,487
297,428,452,321
274,921,444,824
253,260,356,292
368,491,317,534
213,313,442,322
240,655,298,317
227,442,546,509
260,366,308,391
257,438,228,854
294,343,517,436
195,344,225,217
335,402,309,959
252,328,547,516
481,259,392,282
444,542,358,381
379,393,374,298
312,272,366,404
237,450,456,342
345,471,240,393
471,258,216,376
353,299,349,575
244,508,354,655
261,744,253,414
206,382,258,370
277,905,236,322
417,233,482,458
175,375,840,382
186,402,435,212
285,258,471,570
125,417,602,749
307,357,387,602
406,1167,252,422
454,369,223,1025
224,482,668,462
369,437,266,590
233,362,373,493
474,541,225,334
371,522,295,316
346,650,241,380
411,519,431,684
370,360,282,514
596,457,264,410
452,976,329,503
161,493,635,415
172,527,381,457
315,616,324,337
226,328,205,300
357,285,363,319
223,457,409,466
211,331,315,396
302,452,200,664
596,362,279,474
261,259,245,426
230,442,374,564
303,261,225,725
206,833,332,310
300,458,299,320
317,532,420,260
235,434,205,565
209,382,220,346
239,972,350,371
382,642,273,390
209,329,262,824
411,643,322,317
334,476,357,338
218,251,267,329
181,550,260,516
295,321,798,671
319,368,712,446
382,420,207,367
331,804,378,375
251,434,418,416
253,529,263,283
231,332,553,322
495,925,281,339
228,380,275,532
324,312,487,474
215,414,402,605
183,317,357,311
283,407,282,366
330,371,422,436
322,378,179,264
318,394,202,642
442,460,235,366
315,271,293,480
370,520,194,254
279,610,199,315
189,246,616,491
329,410,318,423
332,338,317,220
248,706,190,340
207,455,183,253
313,508,442,367
240,619,360,441
224,389,402,439
199,613,282,347
288,412,430,505
182,314,276,245
307,204,291,404
266,495,151,500
363,257,253,415
445,1133,310,518
196,323,177,480
360,462,200,437
366,350,212,371
319,521,270,307
262,310,300,622
664,562,505,650
294,599,228,436
269,238,436,393
400,468,326,385
332,381,445,426
235,227,345,520
334,442,350,421
384,251,411,371
296,723,449,647
207,481,284,395
330,620,361,506
307,882,493,698
217,343,356,415
414,365,628,348
345,582,219,416
191,706,461,342
407,365,305,325
226,617,335,292
307,378,227,383
202,610,264,942
326,542,432,526
459,372,298,523
222,514,287,302
390,512,244,353
321,449,345,455
238,389,538,503
252,405,310,327
270,295,195,316
334,504,357,786
200,499,253,455
446,423,531,243
245,350,245,285
427,265,405,614
324,235,530,702
329,489,463,449
337,324,355,659
244,469,222,406
331,513,474,471
524,350,215,664
387,763,355,477
333,232,302,277
196,286,351,347
358,312,386,501
210,295,343,740
586,404,533,503
176,484,292,598
346,446,214,384
227,465,381,208
339,413,239,664
404,536,257,752
285,391,296,372
357,511,543,523
291,365,461,430
584,916,513,504
265,330,220,306
372,474,389,341
270,560,443,421
340,397,411,288
250,354,245,942
231,382,636,733
343,852,295,275
180,597,330,284
311,427,273,491
300,238,470,437
284,446,339,390
270,357,192,421
236,340,255,577
312,293,330,387
566,513,337,426
229,728,347,653
224,407,274,314
624,480,268,507
274,487,615,348
245,773,429,454
311,375,378,302
261,465,320,563
274,385,209,531
340,435,371,480
251,578,283,445
195,261,389,318
372,414,340,344
342,528,375,286
332,388,810,400
402,572,620,286
180,361,497,389
332,297,315,295
226,454,397,336
174,343,216,303
238,399,373,442
250,760,358,386
274,539,267,269
224,279,393,392
433,291,261,294
224,608,265,381
313,232,358,506
170,627,451,695
217,651,324,444
291,439,443,1031
206,416,306,450
296,424,330,396
482,389,223,492
312,484,209,392
469,803,226,551
235,418,205,399
214,355,397,261
231,363,727,702
157,565,713,389
187,436,304,618
314,754,407,338
368,935,368,309
152,428,243,237
257,528,271,505
197,255,356,304
535,338,278,341
403,310,337,561
359,492,485,342
302,753,254,490
262,481,514,342
219,423,258,310
317,778,282,260
217,363,280,461
215,571,243,232
447,498,276,536
467,500,386,1034
331,512,445,354
296,839,421,627
416,329,441,405
183,693,303,410
322,501,450,303
389,734,274,432
265,230,268,531
212,231,462,313
323,826,532,502
522,462,280,489
339,294,231,220
289,448,229,664
340,644,336,357
439,325,274,314
446,415,278,557
196,531,266,353
401,743,227,386
252,383,322,468
227,241,362,398
249,737,600,308
277,280,218,305
399,1143,325,620
322,273,514,569
245,345,394,506
207,371,464,391
251,345,241,406
364,509,221,313
231,288,738,344
268,380,223,325
402,385,523,762
463,531,332,359
293,374,354,777
314,815,365,374
324,693,407,315
181,544,271,610
285,464,358,829
399,439,497,356
363,334,374,490
313,431,284,473
348,345,270,360
303,983,284,708
412,387,231,431
224,536,443,549
280,334,219,400
312,758,573,315
478,926,356,432
243,608,538,330
321,354,523,323
284,883,200,324
275,422,224,337
142,725,207,383
379,540,271,362
304,766,320,435
262,945,189,443
301,247,254,321
260,356,229,511
241,700,501,602
314,348,474,380
201,536,284,378
209,393,480,267
307,510,285,374
342,326,176,319
161,911,390,446
232,725,204,476
194,387,366,338
402,485,366,447
390,410,281,599
213,527,491,348
250,577,188,312
353,243,330,394
280,260,450,343
322,488,439,415
171,479,824,540
216,484,292,377
440,636,161,231
464,409,420,824
186,286,890,522
234,441,368,269
366,346,379,243
178,937,525,611
185,413,204,448
415,405,372,413
216,353,300,397
318,327,261,705
183,414,292,257
341,482,367,358
348,544,423,310
272,309,376,342
194,464,249,310
243,465,367,590
283,469,334,322
244,312,258,254
410,338,441,615
181,361,271,386
333,691,225,294
331,312,331,305
195,330,295,379
173,237,304,325
187,500,179,926
268,409,430,350
337,306,259,431
340,334,395,556
488,392,271,276
214,485,354,1004
298,348,610,485
296,810,401,418
360,393,324,258
195,362,386,291
255,634,287,402
283,362,265,338
358,786,220,613
356,581,262,307
292,379,269,485
262,348,207,275
333,377,305,1007
462,865,512,343
337,342,372,678
252,451,416,575
240,593,458,416
231,370,593,434
306,209,330,258
363,375,268,347
288,426,304,439
328,574,392,619
275,443,415,588
229,479,329,485
211,460,369,287
267,320,359,392
445,609,788,472
350,753,432,352
262,392,398,312
171,529,245,458
514,220,274,483
181,354,505,313
245,524,506,469
276,361,257,350
376,387,322,322
316,693,305,322
211,335,247,202
216,381,328,966
204,369,273,333
213,632,257,380
179,430,352,676
442,496,244,1009
273,522,401,371
329,613,374,555
414,536,181,732
346,332,438,466
183,383,237,266
449,471,438,234
296,417,238,565
597,390,226,435
422,984,351,1047
262,550,355,548
270,233,226,421
326,314,353,454
507,262,274,598
428,410,258,378
455,281,253,446
338,451,252,205
293,501,398,274
291,515,257,569
433,295,383,248
360,766,241,304
283,529,376,317
341,423,235,212
347,505,291,386
346,760,282,493
187,360,311,611
457,696,241,531
234,386,274,392
283,461,425,432
300,252,261,498
323,351,349,436
229,710,408,626
310,502,334,604
389,256,345,258
249,290,241,406
288,278,376,301
277,619,731,314
240,639,267,331
292,414,473,1073
248,612,345,409
362,876,685,317
454,514,832,874
640,717,915,839
