hebbian,anti_hebbian,random_walk
242,582,157
149,872,206
408,573,232
271,503,136
310,1277,171
136,345,247
472,671,110
449,824,225
233,1366,209
215,717,172
206,2182,144
550,611,172
259,547,261
141,466,134
170,1581,99
203,345,387
354,551,222
189,625,88
335,458,200
178,545,104
479,1234,83
307,1619,228
191,1834,214
275,369,222
126,393,161
204,1278,346
213,1012,333
78,606,247
117,1851,135
58,448,356
109,1298,209
239,1176,181
312,612,151
226,547,219
229,1546,180
139,321,239
281,1060,278
195,392,297
274,616,109
320,1091,232
227,3779,349
159,855,198
243,868,315
132,600,209
219,1044,228
291,2304,343
297,371,201
185,851,193
133,870,193
387,3003,357
119,1042,318
252,2928,290
195,991,341
377,1242,283
75,471,236
159,3786,133
254,892,211
397,2493,250
105,2751,212
144,2909,186
381,636,446
234,1812,144
85,1589,97
248,1034,151
246,1095,346
240,2028,172
119,433,223
264,483,161
156,1079,357
179,1872,197
189,849,258
205,3221,225
497,795,136
80,443,132
376,1063,208
162,1587,115
240,1332,264
316,1366,153
350,914,107
391,1612,227
225,687,250
537,941,268
218,824,542
217,562,272
287,796,461
247,2308,148
126,1536,169
253,1927,211
266,1724,219
286,638,415
59,1640,261
153,620,236
276,3024,231
188,1036,129
354,1428,144
306,2296,279
293,269,190
269,419,138
247,874,203
328,455,349
361,1631,156
541,279,251
133,1073,258
253,740,100
161,1269,169
292,1266,194
135,1372,136
236,995,141
220,1808,202
143,1004,106
184,1106,184
189,2060,374
472,1814,132
101,1996,145
218,1238,139
174,475,296
89,1500,135
337,551,162
275,392,207
93,852,99
675,1413,206
115,583,325
248,451,134
155,1150,277
135,1264,239
212,400,181
409,1644,121
256,2458,364
278,1596,144
197,622,177
175,1761,206
90,558,138
99,442,230
158,6378,316
398,1304,327
325,718,178
138,437,158
127,840,515
274,3045,229
126,792,266
112,833,146
295,2801,224
161,3181,236
239,1039,502
386,1122,248
293,4945,683
189,1375,345
431,807,233
172,961,227
423,741,163
148,977,227
276,1550,213
266,890,128
154,478,227
428,2894,310
122,695,185
219,828,229
218,1132,195
435,841,499
98,285,276
70,787,199
292,1131,223
111,881,209
186,715,321
475,1482,141
258,1476,121
504,775,303
184,1554,374
136,741,300
129,910,279
323,841,117
260,1489,220
194,440,182
247,1469,212
156,2273,221
198,379,267
200,4085,206
86,508,184
343,397,252
358,675,317
422,434,487
122,986,194
466,469,222
327,1294,231
101,1124,300
336,1031,165
164,956,135
185,741,157
147,1145,197
254,588,183
280,1399,96
187,853,240
94,723,313
297,1782,237
216,1271,136
189,531,310
172,3098,291
308,1671,206
201,4235,133
300,338,181
365,2200,282
418,1211,245
463,1242,442
485,412,211
146,1342,309
290,2760,413
158,991,203
180,526,167
90,2398,193
49,670,276
73,3014,221
134,1014,272
313,266,221
415,2449,205
267,1563,261
93,1518,155
227,508,185
312,632,167
251,962,89
156,797,362
191,550,189
450,791,279
280,1233,214
298,624,315
275,802,159
389,496,194
151,1199,216
160,716,138
297,2343,193
198,636,185
407,1376,145
411,1365,177
131,2360,115
146,625,193
175,1688,237
144,483,180
150,1722,111
186,1827,237
162,1193,200
249,978,170
236,693,195
105,2066,178
215,980,211
352,1428,359
131,528,227
425,378,180
219,740,187
158,1597,143
149,381,181
225,1890,299
192,730,215
72,769,223
198,486,301
152,3275,152
231,1096,211
83,688,240
332,378,120
314,1757,194
105,861,207
201,445,358
305,2040,163
226,1108,166
101,686,155
194,354,149
192,1591,290
125,515,208
251,406,317
237,777,218
351,1318,137
179,302,225
453,1496,88
809,4984,337
89,513,160
273,533,213
452,1493,99
142,799,121
304,1590,231
337,461,98
70,876,146
165,797,292
284,534,177
266,1253,154
221,1431,168
180,498,234
435,1884,303
136,1265,255
372,758,178
264,526,281
188,711,126
318,1463,141
99,2069,277
205,542,164
273,2054,238
164,962,169
118,437,354
203,877,70
176,1226,184
103,3253,252
254,1912,182
194,1817,476
283,648,330
279,1191,248
78,474,109
533,1042,241
626,1314,144
125,501,236
435,1171,176
152,563,151
83,1226,166
162,1468,296
97,782,265
346,1604,137
95,533,186
157,912,157
197,2011,258
347,766,284
138,1046,293
165,2149,191
147,558,381
247,294,138
154,2834,256
301,581,214
127,1913,224
238,3172,127
249,317,317
165,1446,377
220,1039,207
136,2310,426
279,1063,300
198,1382,409
383,654,341
252,1981,240
460,959,217
467,2298,273
338,892,136
197,2742,185
131,569,170
139,1578,219
169,989,140
139,1660,197
198,918,188
68,1777,228
220,1466,116
223,780,161
150,502,271
108,1355,163
194,462,150
174,445,125
69,2856,140
157,328,504
346,746,424
276,554,367
273,1131,228
106,753,99
303,1701,203
149,1348,151
248,1101,292
132,483,148
139,2991,355
335,327,243
182,1127,163
179,734,293
321,1557,94
113,4233,611
232,402,164
205,1750,176
194,396,174
223,1093,112
201,1248,213
457,717,195
148,352,162
78,1319,259
184,832,201
206,3078,190
352,1780,170
125,515,191
99,653,221
146,1033,191
170,1119,247
67,343,308
240,1180,187
350,1176,575
189,1196,267
153,424,275
321,1078,192
274,1293,193
226,2031,221
669,1298,241
255,780,173
73,383,169
175,432,277
379,2214,170
190,1312,172
139,713,186
156,414,272
226,436,172
339,1053,387
152,880,212
247,2172,223
369,2043,161
184,855,211
289,2274,157
121,1862,188
222,1764,187
179,2686,319
306,1227,159
140,1158,312
247,666,190
113,4920,167
291,986,164
518,3044,222
192,917,195
240,2778,161
287,1249,161
183,1247,199
80,908,105
140,765,86
304,3947,162
219,1873,310
420,867,140
99,1064,166
277,751,159
242,3523,253
74,456,118
291,291,150
362,3649,318
88,627,269
172,494,280
260,460,123
318,1052,62
270,1325,500
175,867,282
452,540,179
102,761,163
87,1244,116
87,487,174
436,888,273
273,857,267
263,1063,192
218,871,159
249,1571,143
144,2100,313
239,1403,285
184,377,128
382,546,289
117,421,284
60,762,206
156,458,191
190,551,233
195,723,278
149,998,186
264,1618,167
118,1055,126
99,663,211
179,534,122
179,2673,410
423,3757,253
106,496,348
185,3201,159
118,1174,230
195,1610,353
218,1310,143
206,1755,244
301,477,163
108,468,95
208,2393,236
352,1492,439
207,885,257
184,597,176
219,607,180
198,887,219
116,498,116
245,864,337
201,694,206
92,1362,125
229,373,187
108,960,124
506,1726,202
242,3571,325
187,896,205
82,1991,142
173,551,395
210,348,283
390,4179,121
158,1059,403
85,1591,224
179,507,165
508,1592,297
500,1009,123
388,263,214
204,2121,156
359,599,186
57,1403,302
288,566,180
276,997,429
305,805,248
417,1666,263
154,1343,97
124,1793,382
217,791,223
136,584,180
287,1909,96
242,2807,143
356,2372,223
558,358,734
139,3121,369
186,589,187
489,635,165
103,436,297
125,3097,113
85,956,175
101,1296,216
99,1854,190
643,973,175
168,840,304
154,1393,131
103,2637,353
179,2153,246
169,669,112
158,1335,210
134,954,188
201,1871,238
187,1490,171
142,1603,146
113,810,278
115,1241,156
151,2086,351
262,1459,146
285,2376,313
88,498,195
314,1057,232
211,530,222
267,557,160
137,1010,338
81,573,233
113,501,248
447,806,120
228,1211,338
154,1790,293
486,890,254
104,203,319
337,680,338
424,437,292
254,623,221
193,723,180
223,270,195
95,2136,183
139,2019,204
209,676,149
93,591,160
198,816,230
118,2704,422
191,1200,490
181,4993,223
113,825,304
227,835,193
528,678,128
173,438,261
108,687,173
222,721,167
128,971,187
550,2095,252
90,1931,228
272,284,228
83,2517,224
157,1435,359
487,738,219
212,720,207
92,3376,195
336,902,194
177,935,194
205,763,301
289,1100,276
163,1392,135
251,1058,317
259,686,180
222,1267,303
87,1279,201
188,1195,241
732,1112,210
272,1778,376
357,573,246
170,532,333
118,1486,104
73,950,474
213,4185,317
146,593,319
360,2355,233
69,674,131
144,1276,220
222,768,106
167,962,186
525,1680,214
74,1986,184
785,1913,175
434,1399,197
241,234,214
212,550,186
380,1234,167
51,687,177
190,448,453
106,1180,261
130,1147,155
160,2455,236
215,679,385
88,865,224
215,693,195
240,462,180
186,2558,293
118,1954,263
99,1681,271
153,1776,175
560,1037,135
545,2523,114
287,1297,312
203,1237,156
129,1066,230
236,2518,176
142,668,224
618,1678,369
290,735,300
260,1108,199
95,1910,246
235,883,158
221,1014,176
88,2381,152
137,711,164
152,553,209
148,336,193
109,2719,527
180,829,183
469,736,222
149,503,124
119,1439,178
92,520,255
216,477,205
174,770,268
277,563,200
153,527,257
230,1079,181
218,1534,129
249,1349,214
82,679,161
264,1804,277
158,865,223
182,635,239
151,1054,260
414,278,297
154,657,163
250,1638,247
284,1151,160
334,871,306
245,738,197
208,517,196
709,883,201
176,1027,205
94,991,176
129,1086,123
442,579,311
363,366,128
241,1458,257
134,565,333
132,1333,92
134,2737,297
217,1744,242
185,357,102
250,1741,279
209,1074,209
246,442,144
151,1126,606
172,1157,214
324,253,136
200,936,259
201,1421,191
206,5660,98
125,3391,216
309,1520,137
135,1085,185
223,2080,503
215,1121,232
185,600,258
251,692,322
193,3118,139
233,1457,305
279,1912,159
139,1722,236
188,506,199
193,463,176
434,893,262
123,1220,191
213,970,363
304,1573,203
320,4681,241
140,577,108
117,2194,162
143,1077,148
99,732,109
230,3959,144
423,880,430
298,2031,233
82,1009,413
213,3377,137
274,816,350
223,2487,161
394,1091,190
91,685,278
136,2040,323
157,1837,160
386,1053,133
425,1658,262
150,1156,199
406,1436,273
262,979,294
389,1277,235
123,1699,303
79,662,196
188,422,191
444,2362,383
138,3047,238
103,2122,400
578,873,315
369,308,157
190,711,351
505,477,217
311,1824,281
236,437,196
156,905,161
76,1444,151
193,5990,196
362,929,242
173,1724,334
122,3361,84
153,827,259
211,931,147
226,1434,247
174,2316,236
225,385,405
150,1276,259
294,1318,304
217,1764,193
347,1860,181
192,1906,169
140,682,148
192,627,323
198,756,162
169,1578,402
113,1652,195
350,283,86
51,519,241
100,557,177
381,866,297
504,467,123
352,2092,159
147,1499,220
189,2057,162
428,1211,157
129,836,350
80,2356,263
300,856,291
270,1482,254
205,1709,146
99,447,299
453,3576,166
391,522,105
260,2086,313
155,1004,293
118,1960,260
235,1355,180
231,514,96
154,469,224
216,1209,306
198,864,296
741,946,247
197,1099,121
105,1216,141
461,505,301
141,1468,203
226,2161,222
213,621,318
121,404,308
465,1005,251
127,2611,264
149,1755,239
133,1217,158
449,1336,303
71,616,283
412,2610,296
239,2773,394
61,620,541
294,1007,150
163,2764,147
168,1070,256
362,864,199
102,705,134
253,2614,371
59,406,245
109,380,313
114,938,128
186,2278,324
437,692,235
452,830,143
569,1877,299
117,2301,213
241,407,142
182,419,264
319,1381,218
66,3594,149
234,3216,643
396,998,392
123,1022,278
194,968,193
108,5041,222
298,1069,194
107,2589,268
118,2154,194
281,585,82
171,3001,116
174,832,169
67,474,95
136,1036,253
277,480,165
330,1074,205
169,1621,185
170,1996,354
256,694,106
263,2992,211
147,516,208
117,539,130
285,2498,311
255,1936,301
170,1230,256
151,451,339
85,1303,200
212,404,330
178,1010,139
156,365,176
119,837,255
90,1347,321
240,1202,306
241,1092,210
448,2871,342
145,705,115
287,2095,107
237,578,605
203,2931,168
280,735,263
241,998,396
133,2236,178
213,2542,216
135,513,97
177,1123,192
247,606,258
319,1058,374
129,1320,341
487,375,258
344,1399,280
265,420,300
481,1600,144
184,1891,137
81,1379,123
103,236,167
205,1117,155
79,1728,295
79,581,249
133,1124,196
367,3614,121
141,1204,159
321,1083,307
311,867,313
414,1223,150
156,775,199
216,3734,199
110,386,150
244,1567,116
147,1035,145
111,1435,227
439,771,307
277,343,120
489,1651,172
89,3131,356
193,2029,151
264,504,193
491,655,229
203,1483,136
309,3810,115
485,601,220
398,736,101
155,1427,181
266,766,253
306,346,247
141,4829,296
188,382,468
169,1000,289
133,1542,163
181,362,151
70,574,226
81,1496,211
83,1213,165
120,1284,227
218,396,248
159,808,128
392,474,710
142,732,201
256,596,139
357,2288,207
369,671,167
310,2803,175
122,860,176
236,822,223
228,841,226
225,394,151
390,826,194
160,2092,162
229,296,240
184,4265,287
226,959,119
180,1298,310
410,2172,260
146,773,278
224,1469,267
108,2425,134
279,1056,187
116,830,178
88,752,172
283,1507,216
115,990,193
105,3357,382
226,2769,391
564,2031,198
254,494,279
66,2492,447
290,2157,288
225,460,200
236,1156,374
115,1489,470
262,568,164
277,1553,335
218,1736,176
208,654,212
116,1541,220
138,689,180
588,1217,107
221,861,632
91,1626,120
268,740,220
170,549,249
144,217,329
281,1969,374
99,1392,144
263,973,220
254,932,183
116,1054,236
340,1323,231
232,446,139
148,1230,162
231,1395,138
445,1495,147
203,327,186
151,2589,78
275,1075,196
172,910,221
312,600,222
133,3317,83
442,1757,176
158,804,242
133,541,144
150,1525,155
207,535,244
93,922,121
655,1312,267
234,2853,277
225,434,195
149,645,277
256,1081,175
86,1706,189
206,702,271
188,1826,120
159,494,202
236,319,151
275,2256,183
240,1675,117
315,923,144
156,373,237
192,1677,201
90,598,179
101,445,215
227,596,277
161,1392,277
184,1939,226
299,1163,175
269,502,420
349,2689,247
286,2221,305
307,2260,217
371,376,143
202,186,294
284,2609,472
136,672,236
294,1479,196
160,655,327
364,687,150
315,1214,256
381,1972,220
336,467,476
339,728,92
227,1337,214
126,916,275
405,570,239
163,675,191
113,1901,165
428,1957,187
224,669,293
280,1975,217
248,1289,310
325,1619,161
399,833,266
200,1358,218
222,1074,206
74,1589,257
261,1765,138
102,916,163
284,540,155
297,696,155
75,426,400
157,1358,192
150,1143,184
448,1142,301
209,1129,233
350,670,103
214,1951,266
184,372,164
113,713,198
137,666,146
173,1204,117
130,227,258
259,926,205
825,1112,184
138,990,244
274,811,150
204,1075,244
77,522,129
162,1245,148
264,1032,370
125,1400,182
342,520,330
189,363,168
306,1770,151
434,600,139
385,1863,219
122,1335,193
561,1856,177
180,565,166
296,1210,192
135,1328,353
195,760,341
84,550,85
222,1568,373
119,1046,225
145,609,218
452,752,100
239,1003,306
243,1296,168
293,1537,197
535,367,131
178,452,234
98,1299,230
296,869,178
370,1591,390
84,1295,175
194,548,294
266,852,196
324,1666,126
249,1861,273
333,2404,139
588,723,161
169,2360,186
115,1397,127
436,827,325
223,1275,264
87,805,239
113,1806,183
245,933,236
404,772,163
239,1375,150
233,558,178
113,1424,234
120,1627,208
211,2327,155
86,921,168
159,502,378
397,344,225
145,686,219
107,821,53
255,1131,176
294,2226,73
264,1076,85
336,492,64
120,1330,169
288,1891,349
200,2946,205
207,973,190
205,2765,271
158,2328,239
376,1387,163
184,2229,177
191,1862,234
275,3106,203
424,1087,156
567,486,144
355,474,385
140,630,135
283,592,180
134,488,227
139,267,712
382,389,331
164,1816,111
354,2004,233
339,1194,269
298,341,112
194,660,153
178,1692,127
160,715,254
615,671,129
135,1734,139
141,1432,147
145,910,189
145,1102,150
368,529,313
221,1203,236
271,2664,110
238,672,228
112,1834,179
576,669,220
214,1576,127
78,1120,258
261,446,319
612,585,236
161,1450,283
239,441,139
187,3710,200
228,1327,144
289,1415,407
292,2594,333
274,2328,172
182,1725,169
213,2056,227
419,894,259
135,1083,298
349,335,91
164,846,222
135,2694,236
190,1182,346
98,1142,255
168,594,213
143,2585,205
185,2139,238
114,581,299
210,1909,234
432,2227,363
155,1882,255
260,2103,239
318,1351,109
332,704,158
81,389,167
99,440,100
126,1204,336
286,341,320
217,3230,176
221,817,132
373,842,308
293,787,178
141,624,133
252,924,175
364,1920,157
107,928,198
154,575,191
143,1758,192
106,424,319
177,786,458
173,1586,139
167,1776,240
537,2552,170
309,2051,224
176,1914,259
177,1564,183
271,1395,164
184,1883,334
229,3846,513
306,253,172
165,551,257
64,1453,307
140,882,276
415,398,174
410,876,310
315,5057,274
177,845,226
438,1981,334
182,1465,181
198,1058,238
237,781,169
658,3383,210
246,817,171
58,572,256
101,454,368
223,1095,293
207,1037,108
145,1023,275
205,571,233
145,801,306
321,793,376
404,1508,164
402,1236,267
444,2173,177
123,509,189
158,1099,259
160,778,253
250,672,215
227,529,194
92,1110,270
255,366,234
76,354,113
79,1228,268
112,860,168
137,535,234
148,1320,491
135,796,157
152,606,243
210,737,315
168,736,120
303,648,108
94,2210,152
357,2780,401
272,1030,221
264,1821,282
102,1589,246
165,3434,241
110,1818,310
139,772,278
129,1413,168
349,630,192
118,597,238
265,570,290
193,522,227
160,368,135
189,468,151
278,1443,242
190,3303,169
166,2444,175
186,2347,124
247,340,201
147,2966,264
363,594,173
115,753,251
163,294,181
331,1499,255
245,725,141
117,1180,121
266,1653,93
116,2844,157
277,1196,179
215,372,241
315,1288,140
409,882,318
722,2197,363
276,865,333
206,447,199
316,1561,431
245,1413,300
192,1264,104
311,3965,296
417,1135,152
112,466,187
199,1393,347
173,2113,247
170,633,395
125,375,196
215,431,226
84,1918,115
176,718,165
71,1187,247
295,1252,182
121,445,218
559,781,112
257,906,132
139,805,334
82,1779,185
310,793,197
89,1261,239
150,1178,125
117,745,302
210,1693,243
132,3273,150
279,1740,120
209,939,167
182,604,346
279,1604,368
291,1962,207
312,1299,317
222,438,176
120,447,163
234,1127,233
401,1193,243
142,758,205
297,1824,241
119,994,148
900,849,220
122,367,135
128,650,206
331,1434,394
361,513,167
109,380,377
282,1210,202
206,4504,256
150,976,224
499,260,185
135,636,190
105,1259,206
192,634,124
132,849,173
131,1407,307
218,1142,147
293,537,111
89,485,277
404,668,411
73,1174,219
113,2577,239
225,1206,531
196,2212,243
53,1108,171
207,940,321
384,722,349
88,1931,230
169,450,297
96,947,132
296,1225,233
104,379,242
190,2618,269
208,1231,176
124,2786,298
360,1756,109
237,1185,219
338,1084,206
274,433,208
278,1644,424
116,860,402
180,1275,267
140,1059,172
206,1105,246
419,958,150
259,1388,120
293,1120,180
418,1879,258
225,861,160
191,782,120
434,1571,130
120,1454,139
229,1681,297
375,791,348
403,2144,117
314,1591,262
166,543,203
496,853,143
173,2598,284
346,1261,186
160,2698,282
296,2151,196
90,1688,268
426,827,174
106,1697,192
76,677,236
393,566,420
227,1612,308
272,857,330
346,640,157
227,4059,271
390,596,231
126,436,264
122,719,219
224,4718,269
140,948,154
596,744,322
111,1320,278
150,467,205
98,800,370
374,558,201
142,925,113
337,1267,183
190,910,345
602,244,154
154,2199,450
443,804,261
260,988,176
387,1615,258
95,1525,200
136,1113,217
273,4377,319
263,394,414
144,3170,92
119,792,356
248,1235,113
270,2451,209
155,911,153
513,3419,239
333,3804,271
189,1465,142
224,951,157
354,686,254
220,547,316
219,486,179
97,2113,115
138,1336,357
90,1277,122
101,954,107
159,545,112
226,359,330
234,581,141
98,1405,288
264,1175,246
219,830,134
282,1020,313
280,387,204
276,4568,190
186,939,180
217,341,206
264,1433,182
206,1011,205
82,432,270
255,1671,284
315,1453,279
73,647,393
339,770,179
201,981,253
192,1324,292
150,1273,250
129,506,193
171,1955,192
281,2504,122
209,1110,324
124,1038,368
433,222,265
97,717,210
286,953,175
242,1480,152
194,795,265
168,349,265
429,3184,293
192,1252,209
148,1520,386
105,745,342
109,855,180
236,1155,223
183,593,176
149,1153,191
246,1740,127
306,1939,370
255,1385,325
85,1466,289
362,740,279
307,2090,237
331,318,169
99,2196,230
215,1380,144
317,1226,218
110,2739,223
89,394,307
223,1694,183
168,1377,106
154,992,240
562,517,323
235,1901,322
105,1735,208
173,849,388
138,1339,382
162,1093,123
110,2162,239
508,821,155
194,911,248
162,2476,197
84,3050,254
478,2009,129
173,569,275
151,540,273
501,351,538
109,1295,271
228,1622,228
221,2124,220
277,664,188
149,1704,97
186,1333,205
270,1050,119
95,1111,244
106,755,274
263,387,177
63,4790,675
136,697,198
266,603,364
173,464,363
147,1486,245
156,1395,155
135,1763,157
343,3482,145
266,505,126
222,1953,281
132,1098,234
245,546,137
460,2547,254
974,3629,281
506,1936,100
184,2097,169
120,626,146
177,243,193
114,1124,170
80,2286,64
159,645,164
242,1037,207
132,1873,246
305,413,290
100,777,243
131,1747,161
196,388,496
248,431,178
122,1327,177
226,384,114
81,1022,202
147,2489,248
221,866,396
147,579,210
124,774,177
165,613,144
206,610,274
199,768,120
196,767,125
278,1146,290
520,2042,253
213,627,269
176,406,174
173,829,212
209,1393,325
93,927,259
240,1387,429
312,951,261
124,3429,127
267,546,274
238,857,283
338,1250,169
364,1461,151
121,1153,213
145,1755,210
272,3215,317
127,1249,171
291,831,187
262,980,167
103,1206,215
184,1518,261
187,494,210
249,244,188
378,1751,290
152,2260,246
278,1167,255
151,1285,243
246,1185,237
62,1385,240
218,653,333
302,1058,304
84,1570,179
85,552,120
155,3743,232
127,1176,196
229,2012,244
94,1944,237
224,510,93
136,2701,195
237,729,290
308,792,301
154,1074,268
217,1461,356
108,2724,207
132,1109,177
99,741,131
72,1769,317
442,694,99
429,390,124
158,303,171
307,1697,385
482,882,210
139,1671,283
199,2150,159
237,1153,285
125,466,148
140,1250,163
241,879,463
86,727,252
468,1338,267
172,649,273
265,261,215
412,1240,240
242,359,256
441,1590,167
185,2317,125
244,725,187
291,1069,151
492,787,254
746,944,245
341,1844,621
519,1798,388
376,3151,165
215,1117,211
177,1469,199
197,359,320
176,2317,163
452,1121,341
113,465,254
226,287,209
685,1268,204
142,2207,125
227,1078,113
210,437,223
303,2191,247
206,1650,161
439,526,152
260,920,134
276,1413,290
69,438,279
270,813,131
182,1303,125
178,1149,217
176,2725,414
126,467,202
287,470,127
322,1424,204
306,1081,217
265,1439,180
290,1287,130
272,567,98
96,430,107
243,445,169
188,317,156
92,934,146
286,478,454
416,1820,317
112,1638,223
370,1897,360
323,2499,121
128,366,170
385,916,189
204,2600,180
307,711,157
207,339,143
289,383,148
231,1259,160
299,1738,183
196,843,216
111,1193,190
187,1879,126
189,2115,416
267,1824,288
211,752,233
245,3523,400
185,2081,183
282,1727,220
143,1668,379
196,3026,210
180,2412,332
290,1775,332
248,1921,227
218,5261,289
202,940,186
194,1871,174
115,3244,379
123,738,174
228,935,138
140,820,246
152,3221,182
162,810,208
125,966,235
302,1820,416
361,2700,373
98,1549,105
211,1438,183
187,1206,354
170,1039,205
307,2868,262
80,747,467
206,3003,192
599,721,266
156,1962,196
191,661,176
77,1102,240
161,1945,216
233,1786,157
289,2418,132
266,1321,133
82,413,160
162,1134,145
197,724,225
304,259,256
382,462,178
173,1227,380
277,783,266
152,706,177
257,1035,208
123,1184,308
385,600,221
128,392,197
419,1824,134
96,3463,256
162,635,230
524,2090,316
271,956,124
239,1042,285
209,1742,171
172,1033,162
306,488,208
245,438,284
211,497,219
176,795,223
257,582,126
209,4390,146
231,358,95
136,1081,164
104,2827,231
175,1706,221
351,952,418
529,691,198
179,1490,201
112,1759,215
173,1111,91
209,1704,182
224,607,231
219,829,238
260,1367,233
310,389,160
427,2001,312
241,2839,221
566,646,148
78,1441,468
186,569,410
249,1546,169
205,2068,279
413,1981,257
382,877,170
199,1129,154
252,765,205
131,4065,435
167,1548,175
623,551,303
89,1596,240
139,1001,233
319,970,232
252,2760,277
148,1452,233
141,2243,390
93,1296,166
133,1167,185
153,1568,116
273,287,269
97,1214,171
123,1044,380
285,438,186
228,932,138
185,1043,257
524,591,128
144,995,131
164,963,436
168,1994,141
143,648,223
110,572,205
212,535,177
119,2504,322
216,798,235
242,397,251
154,2385,138
175,1762,479
154,1351,76
277,864,313
306,2042,237
292,965,181
264,638,420
149,290,266
447,1482,225
368,3430,716
67,1164,224
133,938,397
240,1248,254
102,1483,209
126,1272,214
147,791,164
126,314,200
242,293,214
440,455,192
160,576,286
95,2563,196
130,964,131
129,959,138
201,1331,239
179,1853,231
171,908,336
145,515,78
208,832,187
276,721,245
121,710,140
267,1068,227
153,1462,360
193,634,236
112,1624,167
247,1647,188
94,867,230
83,439,221
147,952,161
181,838,156
208,1366,172
359,1207,296
107,812,191
187,909,200
121,1390,149
335,525,238
178,2363,700
439,1207,287
142,1334,235
95,1247,251
88,776,178
150,273,202
220,1739,189
198,507,338
232,389,117
186,490,246
425,1328,216
249,1983,224
82,606,141
203,1057,168
221,837,335
299,1052,314
154,735,222
181,351,386
260,1579,589
163,1188,284
128,1860,114
243,1009,178
226,552,293
180,2229,248
399,3671,219
256,1368,196
131,1511,240
103,1977,217
342,1474,360
165,856,153
339,742,189
242,2279,140
123,597,161
168,1790,197
116,917,126
146,1668,150
456,762,324
158,1916,318
230,2751,278
75,2045,336
150,1229,160
248,660,195
237,1428,163
77,321,344
164,655,183
201,1334,119
294,359,463
123,1575,166
89,2736,113
251,946,240
215,1323,221
130,1348,301
238,906,188
140,1247,202
330,2476,105
210,1714,193
212,3648,191
168,1426,668
208,1008,321
323,1167,107
202,641,111
224,691,118
201,624,218
147,669,213
390,647,205
225,1152,173
164,1261,202
164,1707,274
340,1865,118
310,876,274
183,981,241
417,1758,259
269,737,400
357,356,129
281,424,190
332,478,183
123,585,226
301,965,404
143,1427,142
231,370,323
95,1053,273
345,768,235
317,1847,233
412,1645,358
235,617,96
434,869,132
555,1880,198
240,892,227
162,1564,251
106,2551,205
306,481,179
463,329,157
378,1353,199
177,2853,92
207,823,117
140,737,173
157,715,338
158,1106,203
417,651,220
259,2824,258
167,232,442
309,970,191
355,1330,121
192,2233,600
355,860,385
423,907,137
91,689,315
170,649,287
186,2150,307
151,1626,204
401,650,184
238,628,168
120,827,174
124,537,158
193,315,339
350,925,189
216,591,240
118,531,246
583,589,168
99,294,161
95,317,131
168,897,99
192,707,277
225,2285,426
301,1527,223
670,1642,187
191,1638,250
124,435,194
289,1839,246
161,1078,211
237,962,348
227,1621,133
184,1199,442
194,1168,162
108,3638,144
165,675,238
182,1816,315
186,1345,143
375,951,236
288,981,235
187,640,291
441,235,167
180,2166,343
92,598,153
171,1009,199
203,691,198
219,1104,168
322,511,145
121,1040,210
131,456,166
205,1307,272
184,610,300
178,760,132
288,913,98
174,887,102
162,446,266
126,1581,430
88,268,192
262,341,112
374,839,197
792,4635,144
384,1179,464
284,1223,332
70,1369,252
162,741,179
466,598,215
424,1852,165
317,1469,114
191,408,254
182,880,184
170,1304,188
237,1069,396
188,378,296
204,812,344
158,1790,124
235,1084,117
228,1282,211
275,1159,237
172,1098,276
162,2240,115
498,640,288
212,829,165
262,608,132
120,1079,249
104,2299,211
91,1758,285
232,750,231
722,656,374
120,408,483
176,1033,166
276,231,94
130,2217,298
223,563,225
322,2708,197
60,417,312
186,1817,184
51,684,109
134,1800,176
272,708,221
216,2793,200
242,1189,273
227,980,227
276,1220,357
351,1392,175
289,1236,192
178,538,215
118,304,194
217,493,136
384,1025,299
182,1342,183
109,1080,159
648,1281,277
129,463,323
290,675,136
95,2722,88
87,1929,287
133,1284,325
120,2196,129
284,626,218
239,1951,169
99,1691,311
143,2722,392
107,1727,202
97,703,179
451,1527,151
204,663,288
220,2948,227
471,1223,216
106,1270,306
111,842,158
780,2629,164
534,1415,83
287,929,315
168,1461,169
133,4250,254
243,1528,359
112,946,192
90,1544,227
66,1562,113
192,1723,290
219,1361,163
77,481,202
330,1537,110
281,426,184
96,401,257
219,525,142
214,910,238
150,998,198
372,1005,498
135,253,125
199,1385,212
173,1306,205
252,823,220
149,2287,256
78,616,99
233,479,286
217,1235,290
210,319,202
153,1326,173
190,775,260
234,930,190
115,1054,422
326,858,115
241,1143,252
278,737,168
191,237,170
61,5647,182
183,315,198
300,529,274
344,700,349
509,995,380
346,1704,270
472,486,171
422,422,194
127,654,288
83,406,167
109,2469,318
135,872,253
300,823,178
119,368,127
164,1730,198
111,1515,249
271,759,385
442,1404,127
161,567,410
389,1441,249
109,1640,183
267,1596,224
467,567,237
304,1640,152
373,1470,470
168,894,127
493,382,128
103,740,117
335,1951,209
367,1462,201
117,593,81
81,1574,339
176,818,281
137,1590,277
136,393,291
92,996,200
136,1540,148
141,451,310
125,1082,208
182,1161,317
138,1636,158
140,952,173
65,1242,203
325,1005,413
280,1917,194
488,1798,152
119,1115,210
249,1428,282
107,1828,224
197,640,247
224,1034,279
166,712,192
160,1190,207
270,2049,320
332,766,214
84,495,186
141,986,202
105,1669,269
326,2852,416
84,2075,254
208,854,484
314,740,280
194,1283,136
316,1000,186
293,1265,347
153,1084,150
180,241,316
544,1575,137
187,1812,188
168,4304,266
190,2428,183
236,496,212
192,656,168
168,866,364
64,325,141
182,2192,106
870,1617,86
326,727,109
159,859,351
420,1316,105
339,2375,541
146,1255,227
206,1034,177
165,681,240
118,871,190
201,665,161
725,865,195
317,1198,203
294,522,151
292,290,190
360,777,115
140,786,181
421,491,282
261,503,160
102,451,377
251,1843,364
166,463,167
105,1092,364
201,447,138
234,609,148
233,349,207
201,3554,221
253,1461,210
353,570,388
320,519,415
311,723,198
219,1842,190
273,920,171
167,464,179
182,1024,264
291,1266,266
295,1097,295
121,539,176
198,388,238
183,932,137
138,685,183
148,1029,158
270,1638,286
186,2948,203
312,393,130
313,1078,158
204,965,167
92,754,172
91,2388,231
216,1498,107
406,705,310
296,600,120
345,2996,225
311,1713,229
252,924,226
110,1845,316
210,1352,114
370,1312,253
201,751,210
271,491,89
150,1348,135
313,832,76
264,5114,237
169,1820,149
133,1272,252
90,1842,131
411,977,105
201,540,169
110,1065,142
241,2727,156
151,1446,151
128,1578,383
130,1386,112
108,4330,368
283,1809,117
99,1581,247
194,762,166
134,541,288
460,1377,166
312,634,219
81,952,292
117,964,419
105,857,139
223,1779,176
410,1023,109
361,1390,320
426,975,183
156,873,344
267,1347,282
102,426,232
117,442,206
91,387,148
176,1014,189
91,2099,117
103,1014,133
110,770,183
463,811,301
249,1761,354
83,667,174
107,481,133
162,2407,316
148,299,219
555,2227,161
301,1052,201
585,995,313
119,793,171
147,3888,415
168,473,170
398,846,143
81,1379,217
342,627,145
123,1099,169
177,1431,359
239,1433,140
213,796,248
168,1738,164
165,1048,261
76,1019,314
113,1880,264
286,1860,147
203,861,221
129,621,379
493,830,105
213,380,302
286,999,109
200,713,107
143,1062,236
124,976,430
443,2615,131
122,994,369
141,1276,152
81,688,241
257,1114,387
282,249,201
552,539,187
186,476,111
97,1394,177
217,4173,498
543,1635,246
187,709,159
254,1014,284
132,2649,265
139,800,208
148,506,379
163,1760,171
234,833,146
320,2063,140
212,1585,191
184,363,118
80,1292,103
196,528,234
159,477,131
147,1025,229
591,1383,217
246,1458,151
183,758,157
173,568,154
76,261,169
107,212,110
174,821,388
151,1864,201
319,1350,250
135,1077,258
209,1197,173
140,1885,163
146,348,268
198,1187,155
307,387,160
166,1307,212
410,2084,326
171,2157,259
100,659,177
195,335,144
308,1657,228
230,2219,186
157,1156,218
197,1025,191
204,409,143
174,1448,169
264,510,137
252,1342,182
131,713,164
135,1134,195
129,524,156
205,2107,245
386,245,284
308,1169,219
149,586,183
129,1423,136
95,918,116
249,707,129
125,1145,192
126,749,256
467,1146,158
142,1032,310
177,800,107
197,1530,160
73,1827,150
183,1256,126
247,800,205
156,1002,156
236,1286,234
253,970,190
262,540,198
106,812,167
185,7719,241
213,1506,174
216,2885,242
240,1379,292
950,437,196
230,1544,199
159,681,167
169,1403,331
134,614,276
709,481,259
165,2209,339
275,996,173
80,524,174
194,1407,213
238,885,268
105,472,208
119,871,259
352,1125,440
269,1487,361
244,807,125
112,1369,171
311,2763,263
107,674,192
325,1208,156
107,731,160
211,1524,179
521,621,301
147,1397,294
225,2175,237
157,1817,156
250,650,217
196,2275,192
248,764,145
114,1011,191
280,543,154
351,1037,326
111,364,149
143,947,125
285,575,183
163,364,223
191,1783,149
158,1196,179
146,1392,271
239,1723,290
250,449,193
105,1111,219
363,549,223
130,3662,187
343,1934,115
287,625,333
134,361,223
143,1911,221
95,1836,202
173,671,112
216,718,231
165,2144,145
232,1942,240
153,733,175
383,944,137
187,1798,157
337,1062,212
91,2047,144
167,457,514
280,877,272
508,379,124
323,403,289
350,1069,139
724,726,120
163,532,159
409,519,164
126,781,404
114,2685,216
97,546,290
359,343,286
191,4130,368
244,1621,360
480,935,232
135,2027,296
188,1276,223
98,258,190
95,677,268
130,1831,470
275,1013,226
368,624,241
312,803,152
225,772,166
169,1389,471
101,925,296
400,482,311
175,555,239
265,647,323
299,482,227
157,631,239
120,1914,171
126,774,362
144,1439,348
251,1304,171
123,937,276
298,268,168
532,2962,198
339,320,365
215,791,170
106,751,468
266,393,153
170,1931,123
204,442,305
254,2792,273
315,1122,180
335,2238,492
204,323,284
132,595,194
358,3721,542
263,1534,172
227,1785,140
243,2256,297
76,454,276
446,342,331
278,798,116
230,1601,201
82,432,170
158,642,268
235,1594,313
234,1076,498
594,2655,220
350,1550,226
262,1867,180
386,1890,129
202,963,214
139,2641,251
203,1941,253
682,517,342
182,459,301
249,1040,118
277,2129,257
277,879,141
112,1577,110
124,2135,362
209,1737,245
72,579,120
157,1745,222
246,996,435
182,376,206
559,1385,172
137,2392,489
88,458,172
238,992,249
99,1610,219
167,1700,211
119,1472,328
311,511,173
87,978,340
110,1022,185
455,2308,269
221,728,192
67,417,114
148,1544,107
304,1718,167
353,1544,109
187,1313,391
168,2062,105
295,1227,169
227,1597,167
736,1428,248
539,1201,143
155,1398,174
120,2002,223
324,1387,168
160,638,225
289,896,156
205,932,582
148,740,217
200,1965,131
221,2076,174
148,2600,299
188,1596,173
159,505,120
138,707,168
210,633,201
156,1349,499
160,840,424
161,782,206
142,1024,233
207,1892,253
105,459,289
424,516,232
347,821,252
177,987,215
602,1516,319
219,1186,406
271,345,319
179,2236,136
119,1320,329
133,834,250
230,2604,319
150,921,275
249,405,173
135,430,193
323,1136,121
247,1142,141
193,653,123
337,2215,208
137,1481,302
92,1015,270
319,1722,151
65,373,328
344,2137,260
201,794,164
132,3792,295
166,1186,117
177,4012,147
239,795,300
243,698,220
65,730,111
196,596,105
115,1108,193
295,830,184
208,2740,287
182,920,235
145,2589,230
212,382,122
304,1770,260
122,1313,229
206,285,253
313,560,169
214,696,279
187,3351,130
346,1053,171
378,371,158
214,3664,151
86,1616,253
218,770,279
193,3100,169
302,329,227
214,1654,423
112,787,126
100,2492,287
207,550,77
316,1805,170
97,470,331
140,1060,313
139,1178,198
201,686,237
77,1283,150
160,3189,197
225,1148,251
230,1872,351
244,672,473
85,1269,265
128,2333,214
115,1103,189
205,954,280
91,2367,215
149,1083,166
327,2720,404
338,724,221
328,715,150
243,1359,397
257,1249,185
90,392,207
279,677,159
250,1181,188
561,1156,328
223,1452,178
164,1033,187
147,600,274
268,989,224
155,874,154
166,1947,216
293,871,465
127,521,168
267,895,300
119,752,191
197,1388,158
867,1572,176
148,520,291
195,1242,197
220,858,168
124,953,216
255,440,197
122,781,310
346,4334,196
283,365,221
241,462,216
152,2038,206
277,910,214
107,2964,224
359,1792,200
235,654,194
127,1196,191
289,653,251
95,413,129
227,1922,184
192,647,242
198,1092,177
261,564,237
197,653,157
256,2353,336
245,532,187
117,3001,223
326,578,199
74,691,177
196,2926,560
191,1012,208
80,1211,133
254,952,322
53,704,437
302,741,435
256,434,139
109,706,169
268,828,163
170,1279,127
168,787,119
368,3492,195
229,2545,212
161,1200,195
422,1594,290
247,1087,507
151,1692,118
118,1121,214
165,1142,218
205,2472,98
564,2178,318
127,1816,139
116,1949,186
241,633,257
511,1293,168
516,887,111
587,1196,286
180,1342,159
400,414,197
145,4115,263
278,1781,178
211,374,232
176,505,269
144,1197,196
50,684,252
143,671,132
245,1013,163
434,1719,333
34,2610,446
174,1358,408
161,605,155
133,1009,133
489,1157,256
492,931,147
361,468,281
396,1536,215
260,1059,203
302,1309,212
88,746,114
88,3146,544
277,1106,237
177,1193,299
202,558,138
201,461,251
104,1365,334
125,1178,264
308,2105,243
200,1628,162
282,742,228
225,473,253
177,1095,115
110,406,260
214,3008,217
130,1253,171
168,1153,231
192,385,269
155,814,198
135,3237,253
160,706,457
103,726,166
226,190,171
111,864,210
90,1755,203
431,3831,244
537,1293,188
272,557,220
204,1603,276
189,1847,176
160,1869,125
209,2361,281
184,897,117
252,832,123
244,420,342
156,626,294
114,528,275
158,1651,217
53,1066,312
396,280,324
258,1286,230
395,1469,160
87,2324,275
118,816,214
399,936,254
118,701,174
105,1135,189
274,331,272
490,699,334
395,307,145
215,1054,306
178,2363,308
119,4093,328
100,427,462
117,508,279
135,309,142
587,996,159
203,3960,234
197,1807,274
328,446,144
124,473,133
183,1624,212
357,1865,264
911,900,254
211,881,243
260,551,323
141,1664,103
202,1247,520
349,466,134
160,1056,149
349,2869,149
149,541,244
197,3554,173
195,1959,212
277,1842,198
213,1644,193
320,1011,145
233,738,119
175,1269,171
81,2548,259
142,1023,181
176,257,494
96,3457,319
185,894,93
519,1422,404
173,411,148
193,1141,74
367,1294,168
185,466,255
352,547,280
256,607,200
308,2427,118
341,906,228
118,1290,217
240,1581,360
50,1079,431
187,3087,150
167,1686,160
503,723,108
280,2749,142
272,970,286
134,1508,268
192,441,296
193,1207,160
239,1534,210
102,1420,242
249,1051,139
167,1329,114
304,1369,210
86,482,231
216,585,225
235,946,163
211,1778,128
219,1010,124
532,1500,113
135,1369,417
176,535,230
289,3668,105
327,298,163
121,1877,134
180,1032,185
239,610,183
206,1476,133
257,534,197
129,1488,185
198,592,388
163,1799,141
405,872,170
134,950,182
127,806,129
108,2897,350
258,1150,174
199,433,146
102,1834,205
213,1285,141
141,1445,169
203,2013,162
161,204,257
68,687,154
216,1061,183
122,872,215
173,277,272
126,545,251
146,346,220
451,295,394
265,696,230
134,423,119
205,926,121
481,590,165
134,4011,252
122,2651,209
208,2629,202
84,405,294
227,466,276
293,1017,223
160,689,204
238,672,165
135,1077,306
548,904,251
227,1601,257
178,704,207
197,446,205
162,1049,228
349,469,230
285,375,211
241,1211,164
539,437,309
94,970,279
177,259,224
201,2292,127
55,2221,228
211,2706,131
119,957,305
474,415,154
271,1012,217
115,689,212
187,4024,160
135,720,151
182,1465,223
258,2075,209
112,2865,358
130,2161,252
85,674,199
166,2808,323
245,749,167
408,568,400
82,702,199
143,2276,288
176,1091,318
198,3809,277
127,1199,272
196,1060,344
337,1670,276
233,733,109
264,661,124
137,1723,272
258,1331,190
270,585,211
156,700,244
447,324,299
209,1057,179
170,469,234
263,1498,342
243,2037,282
157,2682,267
120,987,141
271,1005,368
221,1420,141
158,407,274
568,449,276
89,1451,116
103,393,167
341,1278,79
134,1081,177
380,1935,352
148,1528,217
192,877,293
391,705,106
188,1480,212
214,1358,113
333,953,229
218,824,230
497,1353,136
194,1008,195
458,864,135
148,1172,435
151,966,144
320,1993,190
315,1044,312
251,378,138
260,1295,419
216,776,220
196,5356,137
412,711,197
411,794,123
132,1142,322
318,1156,215
224,700,67
185,3036,351
523,524,315
201,417,316
434,779,261
245,1935,445
196,2361,623
184,2690,191
128,577,310
155,2006,272
220,690,280
172,1515,208
410,850,311
186,373,68
90,1499,354
175,1660,226
83,913,264
401,754,198
182,728,231
215,1050,362
203,964,230
326,2032,258
193,4008,470
729,891,259
227,818,199
169,880,150
264,2194,234
328,1093,227
206,463,215
262,768,316
207,2398,208
185,1167,174
232,441,356
384,2366,169
89,3192,97
89,2291,219
205,1673,202
96,2406,358
138,1420,177
198,1587,338
194,1959,466
253,1402,107
65,1176,514
144,4616,223
374,611,135
102,726,184
130,1563,330
237,1954,123
100,660,251
289,3460,190
178,2992,300
233,2122,344
133,620,101
79,611,156
215,819,282
246,1519,205
318,1951,233
183,1112,230
164,630,138
357,1811,84
160,2898,350
177,1373,216
253,506,135
222,1189,142
146,1623,167
155,357,262
498,1986,230
344,578,116
102,2381,137
197,929,154
116,1024,201
255,599,170
183,1271,102
199,3393,217
611,1094,306
166,1857,355
160,1616,258
151,868,181
434,961,189
302,731,268
278,753,165
203,476,255
79,948,183
162,1391,207
277,465,311
285,4248,396
217,2541,266
270,838,161
285,714,171
244,420,238
86,1337,209
412,1783,251
189,2308,193
135,1966,254
189,1748,150
385,2185,154
170,731,146
109,850,154
229,453,280
176,749,253
242,1088,162
268,932,288
219,672,342
97,1068,132
434,2277,302
390,1262,250
362,1081,169
70,2392,107
300,796,115
74,760,193
386,1252,201
65,1712,295
333,353,193
130,1942,309
172,1075,124
205,388,193
172,519,150
121,971,279
99,431,159
464,1356,269
249,1799,386
105,758,141
197,2356,327
386,1850,150
197,1597,155
251,2323,227
393,1044,199
204,907,280
175,803,193
270,318,181
105,1043,252
167,477,285
165,354,148
156,3484,100
132,1975,176
102,1664,459
320,1657,119
155,562,172
383,1729,116
284,1390,129
248,1220,268
192,1363,161
165,656,195
175,1266,148
362,714,246
272,1818,173
221,1313,224
124,1308,214
155,382,249
191,1725,237
194,2816,429
231,1480,387
233,522,435
175,602,158
149,1230,158
175,1477,344
367,3495,96
174,901,250
238,808,228
400,235,286
177,508,194
251,1196,257
129,1801,197
109,1190,152
98,690,216
164,1664,125
338,446,276
398,1556,231
171,803,219
263,816,162
169,762,130
266,1770,337
307,2209,127
58,1296,493
141,1298,239
79,413,135
148,370,113
238,1296,199
251,1495,196
307,333,217
110,2698,243
233,2234,187
113,1892,180
258,1751,166
161,1331,254
134,473,158
278,834,356
139,1076,262
191,903,160
137,394,122
83,1540,107
258,1886,234
736,530,187
178,1028,545
123,477,252
112,622,160
226,622,116
220,8490,214
526,2321,213
116,2518,275
241,2440,180
343,521,257
206,934,128
402,699,371
113,883,148
156,1832,144
107,956,155
236,2268,172
274,509,255
135,1402,158
267,412,134
74,929,242
89,491,187
125,617,269
226,1450,282
180,929,206
162,2484,226
218,3127,166
205,1907,115
252,1041,175
185,1058,264
327,803,207
168,699,234
695,1080,183
98,2134,82
183,2676,279
170,833,273
291,256,193
303,2321,259
179,1090,294
200,927,264
270,744,273
348,727,538
199,704,231
149,1877,152
113,581,229
231,332,269
191,1438,415
373,575,382
491,306,170
123,285,170
134,809,132
161,1317,261
244,1657,201
223,372,264
197,869,164
183,954,272
264,1144,237
197,2142,353
288,618,263
311,2551,121
325,2230,181
562,1984,166
200,1698,241
462,423,207
164,606,295
277,2267,206
163,503,297
213,724,309
243,521,226
366,1401,180
150,1331,240
113,2383,335
366,859,126
175,1174,189
61,234,291
142,4240,200
156,942,306
202,1065,181
243,571,111
220,941,141
102,1448,258
159,540,226
127,1580,140
100,1825,119
136,2188,400
241,1025,153
255,1089,161
113,1207,183
169,1108,210
629,838,220
99,815,242
145,1073,211
181,2098,205
228,1329,137
246,861,139
144,878,283
377,699,236
215,314,159
306,554,140
83,875,219
407,1358,142
126,2028,153
178,372,241
108,2390,154
241,1093,370
335,1868,200
171,1094,575
159,910,174
368,1352,96
191,2446,360
350,403,234
557,1341,193
95,2856,211
532,1010,282
119,563,449
328,545,93
651,1052,88
149,4464,176
203,1511,290
297,903,157
164,1109,239
168,664,376
152,835,258
168,1625,305
417,1839,127
270,579,177
191,1161,162
200,892,231
103,1418,434
128,1393,235
400,1442,265
263,1536,434
309,559,146
501,466,253
359,409,267
341,1013,352
130,754,198
92,1188,139
589,405,209
300,840,145
147,792,149
189,600,196
185,1058,240
74,1047,212
290,1020,347
289,557,131
329,826,202
298,679,407
121,462,188
168,413,133
244,1653,191
234,1227,163
495,1941,156
362,2284,199
230,1220,142
248,645,158
198,675,208
354,1703,297
264,472,243
196,514,193
188,348,230
249,789,103
71,370,152
227,2018,119
67,451,479
227,1406,368
100,292,345
249,1799,116
210,1343,141
111,303,297
178,740,675
136,464,154
80,2745,116
109,1583,431
175,346,176
263,2439,161
195,373,197
105,801,196
397,1855,254
132,1637,167
161,856,210
68,1308,336
179,1239,154
162,2966,345
119,880,292
209,519,165
131,951,184
278,1291,234
221,538,208
422,1468,223
276,655,311
199,530,335
103,899,138
315,719,118
132,993,154
309,2354,361
163,1522,123
219,1946,195
338,977,133
228,747,103
86,2468,257
171,890,196
112,3011,188
183,1092,334
170,687,83
249,1120,219
330,1158,173
302,4027,298
226,910,194
231,451,199
162,1129,180
180,1451,140
142,536,381
259,1685,166
164,1035,286
236,2017,245
136,1409,128
258,500,166
220,2260,357
112,749,331
103,876,239
135,3326,279
293,1361,125
87,1219,269
467,1257,214
191,1561,226
212,1670,287
109,914,263
472,585,216
350,689,209
221,1006,109
99,746,239
266,643,180
226,592,254
96,884,207
172,736,247
266,660,292
231,957,322
140,743,292
158,1452,99
170,2580,188
105,608,126
435,474,172
73,298,133
417,2563,253
300,2055,173
289,1615,134
226,671,110
243,679,191
248,1764,188
109,1729,190
181,838,213
165,907,258
246,728,179
125,603,208
232,398,188
192,812,208
232,5118,280
131,899,384
268,526,184
262,586,487
235,2850,206
168,1578,159
134,2054,203
75,533,367
189,876,400
118,945,419
145,387,100
576,1846,205
321,1460,217
116,2004,124
293,449,289
166,608,408
493,762,194
307,770,176
330,667,190
272,957,262
104,1374,282
392,1805,321
155,1402,242
100,865,149
489,909,267
202,2359,272
143,433,173
257,694,119
187,169,195
295,440,523
260,785,167
87,1429,218
173,501,348
428,1461,199
260,1037,173
335,2121,245
98,899,192
208,974,268
146,3391,158
454,3575,215
447,925,182
84,669,65
372,1559,322
136,1817,140
149,807,301
632,1324,214
150,717,112
78,1122,237
355,634,240
259,842,289
152,1564,182
281,965,272
207,1527,132
221,1980,282
124,1041,224
183,1037,142
95,1100,120
371,1488,272
214,812,255
146,507,286
175,529,366
150,1270,180
242,2039,248
156,969,227
145,802,214
218,629,208
125,1115,89
164,2725,218
178,2703,228
436,1048,166
262,230,305
164,1221,246
185,977,213
169,1534,114
138,1192,83
173,2744,210
365,445,168
183,293,142
195,787,144
101,375,524
283,1599,109
190,2201,181
145,1666,175
128,1346,177
105,962,200
198,1548,274
223,610,146
323,459,239
226,1185,214
99,1287,259
152,969,497
180,1856,446
150,1657,349
148,1348,205
75,1119,108
232,2363,164
288,2269,127
180,782,268
392,1465,269
189,1801,207
148,1430,325
202,311,156
275,383,242
164,1147,188
414,2985,143
251,988,180
578,587,318
243,3082,163
102,1602,149
192,1740,143
282,362,94
364,903,387
607,695,259
454,489,111
104,331,206
175,1205,212
239,1192,173
159,3104,203
172,602,130
209,2229,149
161,653,228
376,3341,174
311,1185,253
130,553,250
121,1467,317
408,2293,114
359,1753,160
163,1313,234
338,1657,225
112,1520,161
322,711,139
89,654,200
133,956,318
92,730,95
259,802,216
199,1641,149
107,2707,163
259,359,268
218,1094,192
90,1320,159
100,1301,333
142,1234,411
773,1000,279
198,1149,266
309,3760,155
186,2213,214
535,542,171
179,686,221
252,1507,417
283,2111,178
447,2225,147
265,1050,275
127,704,163
182,778,166
183,1551,149
166,3300,369
123,2785,201
170,935,260
363,1103,172
653,865,299
323,367,172
230,1028,283
148,807,173
253,975,139
91,1200,183
68,902,262
259,1330,200
264,1740,247
312,1874,205
236,902,250
261,533,198
74,380,364
284,874,262
184,1191,412
293,1917,156
305,1541,220
357,716,159
311,2510,164
514,748,182
173,497,221
479,1532,304
471,1160,239
416,1215,362
284,3427,312
346,1150,137
115,2189,240
155,1026,371
99,1891,120
327,2779,316
112,388,126
189,2231,251
370,1052,303
120,1067,178
194,508,199
330,698,298
137,1383,212
374,1658,244
265,1606,251
406,649,265
89,783,169
345,634,311
310,561,214
147,714,204
494,4113,362
117,1333,274
122,801,280
86,1481,390
199,2692,125
138,1677,346
117,1582,338
103,1033,198
110,1184,161
97,1918,207
113,506,124
146,1601,174
204,2150,180
58,744,130
89,1182,140
122,597,92
396,665,229
252,599,295
132,2855,545
414,258,281
235,620,225
413,564,300
143,1058,155
265,766,141
327,434,114
129,763,272
86,1963,143
291,1158,228
159,275,257
62,600,237
318,699,410
99,898,290
144,426,359
293,621,287
296,1068,283
210,1779,440
184,1343,234
161,1044,340
174,384,292
593,1209,264
108,1038,161
207,1934,143
156,2971,393
364,2871,340
309,1813,192
160,875,177
120,832,312
146,3038,147
125,3094,277
169,976,243
146,3882,163
226,1804,374
273,576,164
118,1517,160
125,1405,182
142,435,229
99,1016,648
119,2163,276
213,1132,256
256,1009,248
213,2329,175
214,344,246
340,1862,132
213,2589,142
191,1547,364
388,1931,289
52,901,209
514,412,298
123,366,171
338,591,312
379,406,320
107,1199,270
73,445,107
285,1678,166
139,581,244
307,1540,297
102,1168,153
190,906,242
173,2696,171
140,362,140
78,719,219
182,1590,228
68,1134,212
143,1492,177
349,2917,129
160,1802,343
319,1555,195
144,1270,126
132,998,275
568,1493,104
161,2217,317
166,737,261
175,578,387
367,671,289
136,1120,176
331,678,163
173,2085,537
221,3191,207
187,1310,255
124,1488,474
230,820,232
140,568,231
201,796,240
105,2174,229
414,1898,414
150,1964,234
443,1697,268
92,893,117
428,1603,367
403,557,223
179,1150,174
376,1403,157
232,1191,235
132,804,90
211,2598,132
147,4269,193
342,2633,209
200,405,300
274,1907,192
356,2147,291
446,4326,150
207,1097,148
408,3635,338
146,2259,203
166,1694,337
133,578,141
214,1528,267
233,1283,128
153,442,177
243,1205,253
63,1484,243
105,522,133
284,885,209
278,828,260
367,1198,289
122,964,119
250,1837,134
462,1311,141
215,2246,253
198,727,143
202,605,212
233,397,183
279,456,310
436,985,288
108,926,182
156,763,301
205,2595,302
166,1144,164
152,1602,256
327,788,283
150,1349,197
600,484,211
213,5421,341
98,1161,131
157,781,138
312,2594,105
272,769,126
142,778,189
130,1290,284
335,833,229
239,682,173
327,1907,200
95,560,158
398,515,453
203,782,262
298,1192,190
100,2121,208
299,890,547
123,709,209
213,734,487
198,1903,221
174,340,98
173,1391,204
537,1121,170
204,1520,330
122,3504,347
83,718,282
226,761,173
149,1648,264
416,997,257
129,1911,360
243,1817,223
282,1920,237
229,1976,290
275,433,138
229,1805,176
345,1165,273
159,424,153
118,675,312
160,834,245
212,1098,279
297,360,178
468,2570,378
408,690,75
598,550,261
298,983,200
205,1343,315
300,1973,331
167,580,151
428,1546,149
372,701,191
85,1892,379
228,1598,176
272,1599,243
526,2909,276
216,1246,170
124,2761,337
199,439,395
252,1812,344
197,704,190
360,1327,189
320,531,163
313,1831,300
134,1603,169
202,1034,236
268,2185,144
221,332,196
157,1001,170
463,1894,201
155,1935,285
156,948,299
638,620,103
155,1585,158
253,411,154
190,2575,213
324,377,143
73,939,308
126,1445,244
171,767,101
347,1258,297
280,574,164
200,481,302
78,469,104
199,1013,316
167,1047,205
377,2358,171
118,1767,378
139,2413,354
193,809,237
273,4460,96
200,634,229
237,1048,268
79,1676,332
128,2670,266
216,1643,192
310,645,166
282,891,816
140,1437,179
107,743,193
141,565,223
142,2127,179
188,482,278
69,670,214
158,606,547
514,1562,187
158,522,253
159,2320,196
191,906,207
215,1040,246
285,724,226
425,955,157
112,909,202
87,2071,184
220,1851,357
199,687,245
133,1146,143
91,1569,174
177,672,193
196,1420,214
205,842,190
78,2815,224
282,1612,230
634,1509,294
234,1102,330
489,485,176
117,1758,163
204,2219,183
112,1058,138
193,1330,327
138,437,389
238,1547,164
141,1058,268
478,1082,215
306,1973,297
111,2213,145
176,1338,275
132,1280,401
219,2288,335
120,2242,165
492,732,256
497,2888,226
228,1470,229
188,1313,265
172,805,291
224,272,250
163,1284,93
284,1981,351
206,1699,257
139,740,318
178,849,167
96,1654,168
402,962,146
145,554,395
182,1271,322
225,626,185
70,1294,334
251,899,167
214,411,187
174,2286,285
142,1596,172
107,440,211
114,996,122
168,744,192
362,3190,166
192,976,437
224,1273,384
135,508,236
209,466,238
270,291,319
341,662,271
336,750,121
307,1140,118
99,2245,440
198,435,200
179,1766,150
383,1578,290
171,728,146
289,1355,293
475,1355,205
254,1432,233
261,955,154
336,3144,78
191,1879,307
171,1125,305
801,798,128
118,1256,106
109,1292,208
127,2232,116
129,677,228
115,551,362
715,2848,223
84,505,239
140,478,296
196,936,228
240,345,328
220,662,238
315,1554,284
116,1746,165
128,398,226
196,1162,232
67,1271,305
235,2364,95
203,647,236
522,1117,137
272,1214,213
148,353,218
164,1111,125
418,438,174
211,890,424
154,883,142
408,1062,225
284,937,225
149,949,171
118,3019,380
85,915,103
275,740,132
168,761,416
216,2672,224
107,1342,212
81,908,208
113,1453,243
36,4263,209
251,2830,456
122,782,237
292,1677,300
164,730,233
260,481,191
293,2680,221
113,378,122
340,1664,147
271,819,222
165,1091,231
109,1138,206
110,1330,252
216,1310,231
557,708,146
287,832,180
324,803,276
210,878,205
177,2125,152
144,819,354
164,1024,393
151,1575,116
149,875,176
97,2416,219
381,2139,189
307,920,241
273,756,260
485,1186,162
115,1607,221
120,690,278
240,1607,225
206,1320,142
133,390,109
254,588,95
396,4134,207
42,893,320
286,1110,278
88,1315,182
149,384,188
259,286,188
157,508,163
121,2111,159
158,1024,164
129,786,385
119,906,188
56,2949,142
125,1455,186
247,3526,310
134,933,136
242,851,189
242,1291,183
335,367,538
266,1131,269
115,2791,153
149,537,141
245,1125,312
332,609,291
253,1015,204
222,4098,145
227,536,168
226,977,313
237,1490,138
361,1642,344
512,251,180
346,646,117
174,1689,179
179,2771,132
97,298,362
144,1209,200
98,2123,197
138,1212,501
278,860,270
211,2445,444
129,1215,151
210,542,659
234,528,128
139,520,196
96,709,175
82,2597,207
291,748,224
193,5716,388
217,2857,131
224,821,406
231,984,174
305,849,177
177,510,168
349,1725,123
175,526,125
269,614,259
71,614,229
310,785,282
284,997,178
161,743,391
347,2335,191
138,994,324
285,2509,136
155,1632,172
364,278,172
442,566,261
234,1182,147
136,689,189
136,1795,403
355,601,212
219,735,185
301,957,229
269,1752,373
563,842,170
544,846,383
511,751,225
186,804,173
165,568,165
246,1049,182
523,1068,221
670,226,188
116,1193,342
177,1252,316
121,1399,177
154,3520,163
157,1458,234
334,1748,297
254,757,191
111,1615,367
156,724,139
122,2117,90
115,1236,245
125,359,161
230,640,165
139,873,208
114,189,230
272,488,143
234,1714,262
252,1566,365
430,729,185
308,1213,191
254,5802,114
152,284,305
274,1268,147
121,1052,260
480,775,202
139,395,167
444,669,206
201,3013,204
100,932,194
136,1129,224
121,402,192
361,236,246
77,947,178
104,3487,192
176,1288,182
115,637,220
191,1345,251
214,1095,159
200,612,141
602,861,228
288,1642,718
341,1013,296
232,1716,145
348,2203,320
156,5387,231
419,742,200
250,1965,295
421,523,228
102,1602,392
272,939,149
271,1524,294
532,1166,283
98,2935,157
577,841,211
69,1316,95
168,314,216
138,2933,245
246,480,368
317,883,227
116,3226,128
225,1515,130
218,1086,176
230,3369,143
278,301,134
140,1885,272
217,2218,148
145,1438,234
104,777,261
233,1176,254
327,737,372
126,1084,111
144,1105,231
191,2140,150
294,1134,202
262,558,141
316,2719,281
108,780,283
202,2452,343
282,3615,412
106,4573,132
123,1456,278
377,1436,434
273,461,264
123,1445,168
222,653,218
399,645,205
224,1894,181
360,2460,385
164,836,203
359,1036,123
204,832,84
187,3516,203
133,1397,214
152,1568,143
229,874,164
279,643,196
725,491,144
213,2018,160
372,602,200
150,820,272
270,1282,181
86,592,276
132,480,223
171,2958,121
113,705,248
98,529,308
160,1648,119
115,1682,248
180,963,143
70,419,167
237,1887,304
143,1845,296
111,1009,187
167,1915,224
226,1538,226
160,503,106
120,1154,123
257,2951,160
149,885,200
214,506,215
778,947,158
247,1537,219
274,1405,286
181,582,212
172,2856,267
103,1199,237
101,916,221
572,572,164
142,1507,185
151,1113,344
128,418,231
103,1271,191
116,795,215
130,1981,170
273,261,234
274,618,159
121,412,303
388,1506,139
183,1267,183
162,2347,252
154,2211,611
164,599,216
225,824,231
521,619,247
130,1017,255
100,1782,182
484,2457,197
286,1000,208
294,1081,471
180,3864,208
121,1456,230
197,997,306
120,421,247
412,2985,313
163,698,238
131,1368,160
230,228,280
312,1900,153
153,3648,115
101,2264,82
169,3243,293
485,3615,305
500,1028,121
233,976,189
264,751,149
154,663,246
365,1159,201
101,478,187
386,1982,317
326,1134,114
83,812,168
250,909,182
156,1014,201
357,1895,233
376,1402,231
80,1770,252
140,597,192
131,776,237
416,1135,186
106,882,128
213,648,285
257,3176,158
278,2083,131
299,836,173
127,899,162
134,848,146
363,645,193
414,572,159
166,866,239
165,972,160
377,783,136
400,1057,187
442,1294,263
176,1865,103
202,2027,439
154,4022,166
215,1354,178
296,908,178
202,761,263
169,1955,342
413,864,276
439,1004,196
274,2216,293
229,378,179
78,2537,254
377,419,188
282,1251,157
90,2144,250
219,1387,190
142,2667,75
144,1124,118
172,2049,477
194,1596,340
88,628,280
286,1502,132
91,2649,172
550,1388,284
139,1262,315
95,914,222
187,1184,666
372,1255,144
82,470,146
258,1165,236
344,1594,123
293,2682,226
88,1096,219
306,2261,340
146,1287,148
488,1355,235
136,993,286
225,476,199
152,1079,284
167,1400,235
250,1803,175
268,667,392
297,792,131
212,1321,209
425,721,134
155,798,242
266,630,429
56,796,213
141,3001,233
281,590,332
189,520,216
260,2751,274
315,1190,192
100,1946,163
380,2426,235
185,1527,230
133,769,368
232,2716,222
122,1108,257
316,891,299
639,547,158
515,1204,412
95,1135,142
87,1285,236
231,1234,289
328,3121,119
120,2504,208
153,940,324
184,1534,226
99,534,383
123,1807,342
91,3276,258
256,1010,268
157,991,412
684,432,205
105,265,460
116,850,305
234,403,114
411,859,219
198,534,122
239,2654,153
296,2531,175
102,3057,318
200,464,373
95,4424,249
255,508,166
376,396,133
145,914,102
102,451,140
163,4072,134
178,874,680
270,665,271
162,1110,129
194,2335,253
342,2239,201
224,1025,167
75,3999,190
93,2167,137
262,1798,254
264,2329,217
525,2552,255
73,2983,480
138,838,245
254,691,202
456,1187,171
87,7607,148
109,3047,78
241,1547,193
617,1168,108
278,1318,132
157,442,249
217,961,252
124,975,179
131,1813,303
185,927,307
178,1115,216
209,1544,116
347,1839,114
233,1089,365
112,2604,193
125,810,401
137,1044,159
146,590,92
152,1599,263
194,922,171
339,2679,184
137,977,318
192,1762,262
311,1482,241
129,427,154
112,1212,110
162,724,198
260,682,377
157,1299,242
281,982,175
286,1488,183
110,1253,249
113,1588,94
257,1315,213
310,2975,188
190,1999,195
242,1103,177
141,359,341
285,3289,270
110,1412,168
447,976,268
266,2032,316
229,1309,220
218,295,249
122,1157,254
238,984,277
287,452,152
280,720,226
149,1989,83
332,573,302
93,1197,313
227,1776,304
325,1473,234
162,1642,370
215,4008,242
365,528,316
93,377,318
235,1260,249
134,287,275
295,475,179
370,895,156
324,2364,200
401,1983,552
237,433,306
331,1878,158
101,2301,185
151,752,158
374,1590,270
163,1147,214
130,264,169
153,916,185
419,336,227
103,1574,240
117,749,149
210,1557,184
312,913,201
140,1708,163
117,267,153
239,384,128
149,1711,136
272,1849,353
239,874,157
232,399,448
243,771,128
257,1327,248
351,362,366
383,442,161
95,1177,109
366,382,251
182,525,243
133,977,286
353,773,155
135,2144,189
267,1601,118
362,845,379
314,876,183
114,297,296
85,2075,105
232,372,191
383,1026,359
78,371,259
120,934,98
112,1895,213
232,1352,134
239,1009,181
332,555,215
382,1027,142
153,1306,173
174,557,308
188,1126,153
62,689,157
220,314,494
504,1145,258
244,814,212
192,1209,250
190,755,228
200,2084,310
142,616,198
331,256,296
189,1454,213
273,702,450
484,667,128
701,475,109
286,371,131
205,870,408
212,1093,136
256,1815,195
82,1070,167
165,1931,186
128,1351,276
123,676,253
245,1079,271
549,486,198
187,401,193
199,1008,137
703,718,141
428,353,219
228,470,316
126,4167,249
507,814,192
156,1301,170
143,392,165
111,1057,180
176,656,174
162,785,294
700,1306,257
215,353,212
116,1609,253
243,1236,189
207,872,185
215,1141,239
119,4069,213
130,2180,172
198,1403,506
338,587,170
463,706,202
434,668,252
507,3466,323
167,493,356
142,788,460
920,3850,644
128,415,138
80,913,416
159,3612,153
153,1336,151
170,419,195
295,3257,144
313,1057,301
249,917,246
225,913,227
231,3431,172
179,3022,170
423,480,164
249,1322,125
200,1301,120
148,631,239
239,279,347
270,1626,171
99,1076,226
256,528,194
310,1534,199
307,357,261
431,1729,213
136,449,151
331,597,236
130,982,341
166,2086,462
135,1892,195
179,605,218
121,2257,282
124,1376,206
215,2133,167
213,1159,338
178,1884,144
236,1662,310
267,732,204
152,935,218
168,1792,252
252,518,245
227,491,260
233,1009,312
309,408,198
161,1307,194
313,788,415
121,1491,152
234,1809,238
80,2108,284
133,1252,377
68,1145,207
660,2270,225
266,1021,106
175,627,140
232,1539,150
278,473,128
540,1837,212
130,1275,244
171,982,215
402,1310,383
419,1038,196
217,224,389
148,636,102
94,520,141
176,1040,206
113,878,347
139,639,248
581,1826,293
97,2371,148
126,573,259
192,1406,169
347,1099,324
457,971,140
385,880,308
176,806,246
194,895,228
246,941,218
176,475,280
272,941,329
117,1569,246
508,2297,297
189,533,218
172,894,251
202,629,379
189,1152,200
129,1796,221
219,595,242
576,434,120
265,375,235
210,178,121
482,236,218
269,548,157
170,2967,449
323,649,554
188,1333,332
123,2262,114
147,3177,218
102,388,148
85,528,352
187,605,153
137,733,179
193,551,301
206,1005,168
222,720,182
365,1180,204
246,1443,981
140,1808,168
110,690,125
383,1935,128
267,1400,290
208,2093,186
179,1094,194
336,918,191
294,4980,146
119,1399,230
350,2042,154
79,658,207
67,711,125
275,1780,196
201,534,271
93,706,358
216,1757,93
106,562,246
263,1246,140
268,501,277
352,838,194
184,774,170
236,1543,184
72,1777,120
217,2098,280
188,1693,115
193,1084,213
218,1971,221
226,464,262
223,1465,194
368,815,153
398,284,138
160,281,217
383,778,331
160,370,135
91,1358,214
194,581,330
136,460,336
63,2015,328
115,1351,255
85,607,271
147,3307,392
238,2334,551
255,819,338
127,868,153
229,1071,233
205,567,249
395,494,152
236,374,148
289,548,263
235,1340,125
252,1121,287
319,890,168
142,1082,137
123,975,211
154,2135,291
244,802,332
252,1558,306
147,590,153
237,289,338
145,614,189
454,1985,226
229,1300,202
191,1043,298
264,1599,184
162,752,169
210,355,266
116,1818,232
184,1100,228
200,486,111
175,813,218
146,776,176
249,634,308
312,563,290
116,3380,241
359,1448,124
161,4027,156
213,1246,126
339,1083,165
108,492,181
242,594,184
148,1039,410
352,494,169
410,737,469
120,969,113
148,3149,195
159,1084,161
115,1730,341
212,521,345
156,1587,270
227,196,240
108,340,234
117,2096,153
189,1694,410
107,610,212
537,1385,178
130,951,165
184,762,222
245,871,164
425,570,130
188,835,288
151,382,215
349,680,119
143,800,298
758,1575,191
198,1209,281
103,1582,325
87,1500,115
326,1816,120
508,515,200
238,1935,150
205,964,201
158,1464,113
70,965,238
346,2154,92
202,317,232
138,2393,238
293,1346,162
176,2303,167
103,721,452
256,1183,181
104,733,262
89,476,317
105,2297,218
75,1623,291
172,894,152
233,482,172
94,1031,251
112,849,123
334,473,322
248,2954,240
133,1222,339
220,747,136
149,529,276
222,1562,223
165,1463,150
411,815,200
423,799,265
273,1287,404
177,486,216
224,1153,119
131,766,99
265,2560,261
190,3397,441
119,598,361
246,2310,194
249,823,160
126,2281,201
277,628,258
104,2034,255
152,995,295
125,960,226
156,1361,178
296,1003,246
197,2590,153
378,836,141
202,2030,501
418,1025,230
572,195,130
97,1165,138
153,1161,250
128,1123,183
297,1716,219
118,2449,190
198,565,289
176,888,229
442,494,175
433,1444,288
209,2859,283
251,387,224
194,2687,302
165,3298,304
177,812,554
207,532,250
150,655,239
488,2256,530
206,1685,80
186,1058,139
252,2677,163
164,2129,371
200,850,197
259,1958,349
286,1127,162
142,837,175
329,1355,207
279,793,288
97,736,172
400,933,172
126,665,442
176,2454,284
114,311,271
191,563,412
416,3316,260
468,1648,148
181,1243,446
117,897,283
165,1141,166
128,964,213
280,690,176
195,2346,415
114,477,97
110,1067,161
113,485,216
203,1035,296
253,3537,171
170,500,395
168,1275,204
162,450,157
99,785,245
131,597,173
207,1227,172
249,982,124
158,3744,251
157,611,259
133,523,273
253,813,97
165,920,415
222,1264,229
280,3307,266
192,800,171
180,456,134
186,598,151
355,857,176
139,721,155
210,507,422
120,1115,151
357,2709,143
295,486,210
548,1006,391
232,1297,340
394,2820,129
140,3606,161
434,952,134
381,3596,198
290,320,350
204,769,372
317,1280,117
50,899,314
207,971,161
264,2302,223
274,564,191
227,908,153
236,970,163
551,660,189
372,1404,189
218,546,306
151,598,318
163,2072,288
160,1284,215
212,915,214
133,860,166
168,606,251
312,774,469
89,673,316
157,1582,284
106,963,349
337,625,72
101,1080,255
187,699,136
180,1306,208
332,1937,289
187,932,148
161,1257,282
148,2934,295
169,529,209
351,1934,203
138,386,180
134,2479,169
112,569,128
260,675,190
455,1481,235
346,351,172
345,503,106
158,1918,180
184,1302,343
280,616,216
421,1643,130
260,1903,154
220,2821,138
126,836,124
222,1965,144
137,523,291
282,1030,196
242,290,323
129,1626,210
240,2612,201
268,413,142
149,633,265
143,1207,359
234,809,234
238,608,257
149,584,144
343,458,171
427,863,205
160,319,245
132,1610,117
246,495,164
213,1415,180
168,1506,202
204,1158,129
156,1566,269
376,1365,206
153,1378,181
261,410,173
182,700,120
66,1702,132
252,663,293
76,1665,171
250,793,278
138,1133,104
147,412,219
213,3179,249
302,862,171
199,904,373
83,1196,219
435,841,345
99,1813,407
117,1063,100
256,2229,73
201,593,219
182,827,160
62,852,197
70,1766,200
157,2548,168
357,2058,268
94,2953,181
124,698,152
199,1087,214
101,283,469
75,900,140
186,2617,368
131,1652,206
591,867,109
85,874,276
114,1487,247
347,913,180
391,1066,180
153,1411,327
254,1282,362
219,836,258
253,901,154
218,334,211
291,459,273
260,1577,199
79,1127,181
210,2767,447
130,1481,137
599,1165,139
257,2133,183
231,2048,270
520,1703,325
298,2038,226
420,2203,470
370,3210,313
696,4352,261
